commune,district,area_sqm
Sơn Bua,Sơn Tây,2800.000007210765
Sơn Bua,Sơn Tây,1600.0000218476632
Sơn Bua,Sơn Tây,1199.9999971466605
Sơn Bua,Sơn Tây,3200.000019563595
Sơn Bua,Sơn Tây,1600.0000037509014
Sơn Bua,Sơn Tây,1200.000015682308
Sơn Bua,Sơn Tây,5200.000015705591
Sơn Bua,Sơn Tây,2800.000026618364
Sơn Bua,Sơn Tây,1600.0000181468204
Sơn Bua,Sơn Tây,3999.999987039482
Sơn Bua,Sơn Tây,7999.999948036857
Sơn Bua,Sơn Tây,1999.9999884550925
Sơn Bua,Sơn Tây,5200.000023103785
Sơn Bua,Sơn Tây,9199.999926417368
Sơn Bua,Sơn Tây,2799.9999987205956
Sơn Bua,Sơn Tây,2799.999988417839
Sơn Bua,Sơn Tây,3600.0000427558552
Sơn Bua,Sơn Tây,3599.9999825586565
Sơn Bua,Sơn Tây,3600.0000253494363
Sơn Liên,Sơn Tây,1600.0000185589306
Sơn Liên,Sơn Tây,2000.0000073306728
Sơn Bua,Sơn Tây,1600.0000440317672
Sơn Liên,Sơn Tây,2399.9999855144415
Sơn Liên,Sơn Tây,1200.000010872027
Sơn Liên,Sơn Tây,2399.9999740265775
Sơn Bua,Sơn Tây,4800.000010754447
Sơn Bua,Sơn Tây,1600.00001373468
Sơn Bua,Sơn Tây,3600.000025734771
Sơn Liên,Sơn Tây,4800.000003771856
Sơn Liên,Sơn Tây,5600.000001294538
Sơn Bua,Sơn Tây,1600.0000499957243
Sơn Bua,Sơn Tây,3599.9999803467654
Sơn Liên,Sơn Tây,2799.999956798274
Sơn Liên,Sơn Tây,1600.0000128895042
Sơn Liên,Sơn Tây,1200.0000193470623
Sơn Liên,Sơn Tây,5200.0000270491
Sơn Liên,Sơn Tây,1199.999997508712
Sơn Bua,Sơn Tây,2800.0000132387504
Sơn Liên,Sơn Tây,1600.0000009359792
Sơn Liên,Sơn Tây,6799.999993126839
Sơn Liên,Sơn Tây,2000.0000218732746
Sơn Liên,Sơn Tây,4800.000006130431
Sơn Mùa,Sơn Tây,3599.999973787926
Sơn Liên,Sơn Tây,8000.000010852236
Sơn Mùa,Sơn Tây,1600.000003729947
Sơn Liên,Sơn Tây,3599.9999873002525
Sơn Liên,Sơn Tây,1999.9999919149557
Sơn Liên,Sơn Tây,5600.000023051398
Sơn Mùa,Sơn Tây,6799.999931229977
Sơn Liên,Sơn Tây,1199.9999967159238
Sơn Liên,Sơn Tây,4400.000005946495
Sơn Liên,Sơn Tây,2799.9999842746183
Sơn Mùa,Sơn Tây,1999.999977409607
Sơn Mùa,Sơn Tây,4399.999978472479
Trà Khê,Tây Trà,8399.999983896269
Sơn Liên,Sơn Tây,1999.999995919643
Trà Khê,Tây Trà,1200.0000012514647
Sơn Liên,Sơn Tây,8800.000009424984
Sơn Mùa,Sơn Tây,2000.0000071479008
Sơn Liên,Sơn Tây,3600.0000238232315
Sơn Mùa,Sơn Tây,2399.999990878859
Sơn Liên,Sơn Tây,13599.999999721767
Sơn Dung,Sơn Tây,6800.000024713809
Sơn Liên,Sơn Tây,1599.9999755388126
Sơn Dung,Sơn Tây,5599.999960693531
Sơn Mùa,Sơn Tây,1199.999994973186
Sơn Mùa,Sơn Tây,2799.9999857938383
Sơn Dung,Sơn Tây,4799.999995398102
Trà Khê,Tây Trà,2000.0000023271423
Sơn Liên,Sơn Tây,1599.9999919265977
Trà Khê,Tây Trà,4799.999990260694
Sơn Liên,Sơn Tây,1600.0000052060932
Sơn Mùa,Sơn Tây,2799.999990334036
Sơn Dung,Sơn Tây,1200.0000105740035
Sơn Dung,Sơn Tây,2000.0000078172889
Sơn Dung,Sơn Tây,1199.99998752377
Sơn Dung,Sơn Tây,3599.999973231461
Sơn Dung,Sơn Tây,4000.0000103819184
Trà Thanh,Tây Trà,2399.999985799659
Sơn Dung,Sơn Tây,1999.999997440027
Trà Thanh,Tây Trà,1599.9999683629724
Trà Thanh,Tây Trà,1200.0000037322752
Sơn Dung,Sơn Tây,2400.000017224811
Sơn Dung,Sơn Tây,4399.999983753078
Sơn Liên,Sơn Tây,5999.99997143168
Sơn Dung,Sơn Tây,2000.0000140978952
Sơn Liên,Sơn Tây,1600.0000127300154
Trà Thanh,Tây Trà,4400.000031621894
Sơn Dung,Sơn Tây,1999.9999913247302
Sơn Dung,Sơn Tây,12799.999990999931
Trà Thanh,Tây Trà,2800.000014944235
Trà Khê,Tây Trà,3199.999997499399
Trà Thanh,Tây Trà,2799.9999901885167
Trà Thanh,Tây Trà,1999.9999911291525
Sơn Dung,Sơn Tây,4000.0000181701034
Trà Khê,Tây Trà,2800.0000189058483
Trà Khê,Tây Trà,4000.000034911791
Sơn Dung,Sơn Tây,1599.9999970034694
Sơn Mùa,Sơn Tây,1999.9999744608067
Trà Khê,Tây Trà,1599.999995530816
Sơn Mùa,Sơn Tây,2000.0000387360344
Trà Khê,Tây Trà,1599.9999935389496
Sơn Dung,Sơn Tây,2799.999986772891
Sơn Mùa,Sơn Tây,1199.9999996670522
Trà Thanh,Tây Trà,1200.0000258022922
Sơn Long,Sơn Tây,28400.000029853545
Sơn Mùa,Sơn Tây,1600.000025918707
Sơn Long,Sơn Tây,1199.9999787088018
Sơn Dung,Sơn Tây,12399.999924210133
Sơn Mùa,Sơn Tây,5199.999953667866
Sơn Dung,Sơn Tây,6400.000056056306
Trà Xinh,Tây Trà,5200.000006118789
Sơn Dung,Sơn Tây,3599.9999986286275
Sơn Dung,Sơn Tây,3600.0000483961776
Trà Khê,Tây Trà,1199.9999995832331
Sơn Dung,Sơn Tây,11599.999972307123
Sơn Dung,Sơn Tây,1200.000003434252
Trà Xinh,Tây Trà,1199.999972843798
Sơn Long,Sơn Tây,2799.9999899987597
Sơn Long,Sơn Tây,75200.00002352986
Sơn Dung,Sơn Tây,2400.00000858563
Sơn Dung,Sơn Tây,2400.0000343227293
Sơn Dung,Sơn Tây,4400.000061686151
Sơn Long,Sơn Tây,1199.999990693759
Sơn Long,Sơn Tây,1600.000038347207
Sơn Long,Sơn Tây,5599.999986914918
Trà Thanh,Tây Trà,1599.9999972456135
Trà Thanh,Tây Trà,1999.9999912688509
Trà Thanh,Tây Trà,2800.0000253354665
Sơn Long,Sơn Tây,1999.9999851686882
Sơn Long,Sơn Tây,2400.0000029453076
Sơn Long,Sơn Tây,1999.9999880290122
Sơn Long,Sơn Tây,13600.000021206215
Sơn Long,Sơn Tây,5199.999987430638
Sơn Mùa,Sơn Tây,1999.9999905820002
Sơn Long,Sơn Tây,1199.9999994295652
Sơn Dung,Sơn Tây,1999.9999728240075
Trà Xinh,Tây Trà,5200.000001054723
Trà Thanh,Tây Trà,1199.999990226934
Sơn Long,Sơn Tây,1999.999995775288
Sơn Long,Sơn Tây,1600.0000291736796
Sơn Long,Sơn Tây,4799.999950430356
Trà Thanh,Tây Trà,1600.0000154762527
Sơn Dung,Sơn Tây,2399.9999823980033
Trà Xinh,Tây Trà,3999.9999750743154
Sơn Dung,Sơn Tây,1600.0000072817784
Trà Xinh,Tây Trà,2400.0000040757004
Trà Thanh,Tây Trà,3200.00000532018
Sơn Dung,Sơn Tây,3599.9999994027894
Sơn Long,Sơn Tây,13600.000036973506
Sơn Dung,Sơn Tây,2800.0000157591417
Trà Xinh,Tây Trà,1199.9999972630758
Trà Xinh,Tây Trà,1199.9999849533197
Sơn Dung,Sơn Tây,1599.999965601601
Sơn Long,Sơn Tây,27600.00001520966
Sơn Long,Sơn Tây,1999.99998758547
Sơn Long,Sơn Tây,1600.0000016158447
Trà Xinh,Tây Trà,4000.000013054814
Trà Quân,Tây Trà,1199.9999962479342
Sơn Long,Sơn Tây,1599.9999939301051
Sơn Long,Sơn Tây,1999.999975124374
Sơn Dung,Sơn Tây,4400.000012347009
Trà Thanh,Tây Trà,2000.0000244833063
Trà Thanh,Tây Trà,6399.999995945254
Sơn Long,Sơn Tây,1200.000005377224
Sơn Long,Sơn Tây,3600.0000109733082
Sơn Long,Sơn Tây,1600.000043056207
Sơn Long,Sơn Tây,1200.0000042782628
Sơn Dung,Sơn Tây,1200.0000306626316
Sơn Long,Sơn Tây,6000.000024141045
Trà Thanh,Tây Trà,3599.999989143107
Sơn Long,Sơn Tây,10400.000007987255
Sơn Dung,Sơn Tây,1599.9999783036765
Sơn Long,Sơn Tây,15200.000096422154
Trà Thanh,Tây Trà,13200.000010209624
Sơn Long,Sơn Tây,1200.000007668277
Trà Khê,Tây Trà,3200.0000244926196
Trà Thanh,Tây Trà,1200.0000045553315
Trà Thanh,Tây Trà,1999.9999906937592
Sơn Long,Sơn Tây,2400.000016308623
Trà Khê,Tây Trà,3200.0000491994438
Sơn Dung,Sơn Tây,1600.0000044854823
Sơn Dung,Sơn Tây,4799.999970430508
Sơn Dung,Sơn Tây,5999.999948403565
Sơn Dung,Sơn Tây,1199.999992994126
Sơn Mùa,Sơn Tây,1200.0000042829197
Trà Thanh,Tây Trà,3599.999980824068
Sơn Long,Sơn Tây,6000.000059449812
Sơn Dung,Sơn Tây,1199.9999869859312
Trà Quân,Tây Trà,2400.000008839416
Sơn Dung,Sơn Tây,1199.9999933654906
Sơn Long,Sơn Tây,1599.999991322402
Sơn Long,Sơn Tây,1200.000010919757
Sơn Dung,Sơn Tây,2399.9999946006574
Sơn Long,Sơn Tây,1599.9999864003623
Sơn Dung,Sơn Tây,3999.9999958614353
Sơn Long,Sơn Tây,6399.999990990618
Sơn Long,Sơn Tây,1200.000023341272
Sơn Dung,Sơn Tây,2399.9999991082586
Sơn Dung,Sơn Tây,1200.0000107160306
Sơn Long,Sơn Tây,2000.000021493761
Sơn Long,Sơn Tây,1600.0000032619573
Sơn Long,Sơn Tây,7999.999991939403
Trà Xinh,Tây Trà,8400.000015889527
Sơn Dung,Sơn Tây,1200.000003639143
Trà Thanh,Tây Trà,2000.0000046112111
Sơn Dung,Sơn Tây,2399.9999919044785
Trà Thanh,Tây Trà,3199.9999495979864
Sơn Dung,Sơn Tây,1999.999985123286
Trà Thanh,Tây Trà,1199.9999783898238
Sơn Long,Sơn Tây,27599.999991323566
Trà Xinh,Tây Trà,2400.000005449401
Sơn Long,Sơn Tây,2400.00002691173
Sơn Dung,Sơn Tây,4000.00000700471
Trà Thanh,Tây Trà,3200.0000272353645
Trà Thanh,Tây Trà,1999.9999880196992
Trà Thanh,Tây Trà,1600.0000136345627
Sơn Long,Sơn Tây,4399.9999953841325
Sơn Long,Sơn Tây,1199.9999939103145
Sơn Long,Sơn Tây,5600.000018863939
Trà Xinh,Tây Trà,1200.000030634692
Sơn Dung,Sơn Tây,3999.999991055811
Sơn Long,Sơn Tây,2400.000015742844
Trà Thanh,Tây Trà,7200.000022331951
Sơn Dung,Sơn Tây,1999.9999882827979
Trà Thanh,Tây Trà,1200.000017201528
Trà Thanh,Tây Trà,2000.0000056298452
Sơn Long,Sơn Tây,1600.0000032177193
Sơn Long,Sơn Tây,4799.999961872818
Trà Thanh,Tây Trà,8799.999973503873
Trà Phong,Tây Trà,1200.0000014004763
Sơn Long,Sơn Tây,1599.9999843188561
Sơn Long,Sơn Tây,2399.9999747402035
Sơn Long,Sơn Tây,2000.0000056542922
Sơn Long,Sơn Tây,1600.00001753564
Sơn Long,Sơn Tây,1999.9999840150122
Sơn Long,Sơn Tây,12800.000002802117
Sơn Mùa,Sơn Tây,1600.0000166893005
Sơn Long,Sơn Tây,1600.0000202050435
Sơn Dung,Sơn Tây,3199.999998997664
Sơn Long,Sơn Tây,6799.999969340861
Sơn Long,Sơn Tây,1599.9999988416675
Sơn Long,Sơn Tây,3599.9999951547943
Sơn Long,Sơn Tây,1599.9999895156361
Sơn Long,Sơn Tây,3199.9999847379513
Sơn Long,Sơn Tây,1200.0000099954193
Sơn Long,Sơn Tây,1599.9999827193096
Sơn Long,Sơn Tây,1599.9999914108776
Trà Xinh,Tây Trà,1199.9999774899336
Sơn Long,Sơn Tây,1599.9999915913215
Trà Xinh,Tây Trà,1600.0000161863863
Trà Phong,Tây Trà,1199.9999974458478
Trà Xinh,Tây Trà,1999.999986216426
Sơn Long,Sơn Tây,3600.0000177742913
Trà Thanh,Tây Trà,5599.999960300047
Sơn Tân,Sơn Tây,2400.000015364494
Sơn Long,Sơn Tây,2000.0000058906153
Sơn Long,Sơn Tây,2399.9999846704304
Sơn Tân,Sơn Tây,1200.0000090315007
Trà Thanh,Tây Trà,1199.99999069958
Sơn Tân,Sơn Tây,5599.999981637811
Sơn Tân,Sơn Tây,2800.000000903383
Sơn Tân,Sơn Tây,1200.0000035564879
Sơn Long,Sơn Tây,1999.9999964376914
Sơn Mùa,Sơn Tây,1200.0000059523154
Trà Thanh,Tây Trà,8800.000019661384
Sơn Long,Sơn Tây,1200.0000278558584
Sơn Tân,Sơn Tây,5200.000025354093
Sơn Long,Sơn Tây,3200.0000075227586
Sơn Long,Sơn Tây,4399.999987166375
Sơn Long,Sơn Tây,1200.0000060640741
Sơn Tân,Sơn Tây,1599.9999866005962
Trà Hiệp,Trà Bồng,4000.0000163237564
Trà Hiệp,Trà Bồng,4399.999993093079
Sơn Long,Sơn Tây,1200.000020553125
Sơn Tân,Sơn Tây,1200.0000144424848
Sơn Mùa,Sơn Tây,2000.0000119488686
Sơn Tân,Sơn Tây,1999.9999822548123
Sơn Tân,Sơn Tây,1199.9999768449925
Sơn Mùa,Sơn Tây,5999.999984462047
Sơn Bao,Sơn Hà,10000.000027042115
Sơn Tân,Sơn Tây,1200.0000135786831
Sơn Long,Sơn Tây,6399.9999559123535
Sơn Lập,Sơn Tây,1599.9999971268699
Sơn Lập,Sơn Tây,1600.0000194669701
Sơn Lập,Sơn Tây,6799.999960075365
Sơn Lập,Sơn Tây,3199.9999758496415
Sơn Bao,Sơn Hà,2400.000026349444
Sơn Bao,Sơn Hà,1200.000001916196
Sơn Bao,Sơn Hà,4800.000016934937
Sơn Long,Sơn Tây,9600.000034510158
Sơn Bao,Sơn Hà,15199.999997689156
Sơn Lập,Sơn Tây,3599.9999977869447
Sơn Lập,Sơn Tây,1599.999985884642
Sơn Tân,Sơn Tây,2000.0000044121407
Sơn Lập,Sơn Tây,1600.000027783681
Sơn Tân,Sơn Tây,3599.9999866099097
Sơn Tân,Sơn Tây,3999.9999908846803
Sơn Bao,Sơn Hà,2400.000016146805
Sơn Lập,Sơn Tây,1600.0000355904922
Sơn Bao,Sơn Hà,2800.000014594989
Sơn Tân,Sơn Tây,3200.0000201619696
Trà Hiệp,Trà Bồng,7200.0000095390715
Sơn Lập,Sơn Tây,11599.999986380571
Sơn Bao,Sơn Hà,5599.999987009214
Trà Hiệp,Trà Bồng,1199.9999931850468
Sơn Lập,Sơn Tây,1599.9999681930058
Sơn Màu,Sơn Tây,1600.0000226893465
Trà Phong,Tây Trà,5200.000024205074
Sơn Lập,Sơn Tây,1600.0000016461127
Sơn Tân,Sơn Tây,6800.0000270491
Sơn Bao,Sơn Hà,2799.999999019783
Sơn Bao,Sơn Hà,5199.999983201269
Sơn Bao,Sơn Hà,1199.9999951780776
Sơn Bao,Sơn Hà,1200.000009147916
Sơn Bao,Sơn Hà,3600.0000289944
Sơn Bao,Sơn Hà,2800.000003721798
Sơn Tân,Sơn Tây,2000.0000164832456
Sơn Bao,Sơn Hà,1199.9999970197678
Sơn Tân,Sơn Tây,11200.000007897615
Sơn Bao,Sơn Hà,4399.999993927777
Sơn Lập,Sơn Tây,1600.0000037206337
Trà Hiệp,Trà Bồng,1600.0000091595575
Sơn Tân,Sơn Tây,8000.000032193493
Sơn Lập,Sơn Tây,1599.999979427084
Sơn Lập,Sơn Tây,1599.9999890825711
Sơn Bao,Sơn Hà,4800.000007665949
Trà Thọ,Tây Trà,2000.0000112236012
Sơn Tân,Sơn Tây,5200.000006125774
Trà Hiệp,Trà Bồng,1199.9999943864532
Sơn Tân,Sơn Tây,2800.000021153828
Sơn Tân,Sơn Tây,2800.000030840747
Sơn Lập,Sơn Tây,1199.9999900721011
Sơn Bao,Sơn Hà,1200.0000024924516
Sơn Lập,Sơn Tây,4799.999998495914
Sơn Tân,Sơn Tây,1599.9999904760625
Trà Lãnh,Tây Trà,3200.000012484379
Sơn Lập,Sơn Tây,1600.0000219116919
Sơn Lập,Sơn Tây,1599.9999697133899
Sơn Bao,Sơn Hà,6000.000033419346
Sơn Lập,Sơn Tây,1599.999998527346
Sơn Bao,Sơn Hà,1200.0000047695357
Sơn Lập,Sơn Tây,1999.999999302672
Sơn Bao,Sơn Hà,8000.000011316733
Sơn Lập,Sơn Tây,1200.0000057893337
Sơn Tân,Sơn Tây,1600.0000267359428
Sơn Bao,Sơn Hà,6799.9999860080425
Trà Thọ,Tây Trà,1599.9999881291299
Sơn Bao,Sơn Hà,7599.999970247736
Trà Thọ,Tây Trà,1200.0000123062637
Sơn Bao,Sơn Hà,3200.0000062794425
Sơn Tân,Sơn Tây,2000.0000312202608
Sơn Tân,Sơn Tây,3199.9999971792568
Trà Hiệp,Trà Bồng,1200.0000115833245
Trà Lãnh,Tây Trà,2000.0000007334163
Trà Hiệp,Trà Bồng,2400.000004693866
Sơn Tân,Sơn Tây,1599.9999932479113
Sơn Lập,Sơn Tây,6000.000039066654
Sơn Lập,Sơn Tây,12000.000007152557
Sơn Màu,Sơn Tây,11999.99997168663
Sơn Màu,Sơn Tây,1200.000010204967
Sơn Tân,Sơn Tây,1199.9999981839208
Trà Hiệp,Trà Bồng,1199.9999912909698
Sơn Màu,Sơn Tây,2000.0000454403926
Sơn Màu,Sơn Tây,2000.0000013876706
Trà Thọ,Tây Trà,1200.000004080357
Sơn Bao,Sơn Hà,5600.000043116743
Sơn Màu,Sơn Tây,2800.00001990702
Trà Lãnh,Tây Trà,4000.000003031455
Sơn Màu,Sơn Tây,2800.000002750894
Sơn Tân,Sơn Tây,3600.0000029755756
Sơn Màu,Sơn Tây,4799.999997103587
Sơn Màu,Sơn Tây,6799.999969885685
Sơn Bao,Sơn Hà,13200.000029674266
Sơn Màu,Sơn Tây,4400.00000141561
Sơn Màu,Sơn Tây,2000.0000112631826
Sơn Tân,Sơn Tây,1200.0000051059758
Sơn Bao,Sơn Hà,3999.999988677446
Trà Thọ,Tây Trà,1200.000005678739
Trà Hiệp,Trà Bồng,5600.0000005203765
Sơn Lập,Sơn Tây,1600.0000042142347
Sơn Bao,Sơn Hà,4399.999996480765
Trà Thọ,Tây Trà,3600.000042252941
Sơn Màu,Sơn Tây,1599.9999673932325
Sơn Bao,Sơn Hà,2000.000003009336
Trà Thọ,Tây Trà,14399.999941808637
Trà Thọ,Tây Trà,3600.000014725374
Sơn Màu,Sơn Tây,1200.000014436664
Trà Thọ,Tây Trà,5599.999974194216
Trà Thọ,Tây Trà,15599.999950751662
Sơn Màu,Sơn Tây,1999.9999981897413
Sơn Màu,Sơn Tây,1600.0000280700624
Sơn Màu,Sơn Tây,4400.000001366716
Sơn Màu,Sơn Tây,1200.0000214553443
Sơn Bao,Sơn Hà,15200.000029259827
Sơn Bao,Sơn Hà,4000.000017983839
Sơn Màu,Sơn Tây,2000.0000061036553
Trà Hiệp,Trà Bồng,2400.0000083073974
Sơn Màu,Sơn Tây,2400.000005014008
Sơn Màu,Sơn Tây,8800.000022493768
Trà Thọ,Tây Trà,11200.000003812602
Sơn Tân,Sơn Tây,2800.0000369991176
Trà Thọ,Tây Trà,2000.0000017718412
Sơn Màu,Sơn Tây,1599.9999951792415
Sơn Màu,Sơn Tây,3599.9999895424116
Sơn Màu,Sơn Tây,1199.9999960174318
Trà Lâm,Trà Bồng,4800.000031722011
Sơn Bao,Sơn Hà,13599.999899668619
Trà Hiệp,Trà Bồng,9599.99999352498
Sơn Màu,Sơn Tây,1599.999965797179
Sơn Màu,Sơn Tây,5599.99995055492
Sơn Tân,Sơn Tây,1600.0000354414808
Trà Thọ,Tây Trà,1200.0000100396574
Sơn Màu,Sơn Tây,4799.999981014989
Sơn Bao,Sơn Hà,1200.0000094866846
Trà Hiệp,Trà Bồng,1200.0000143260693
Sơn Màu,Sơn Tây,9200.000006507616
Sơn Màu,Sơn Tây,4799.999976120889
Sơn Màu,Sơn Tây,6399.999988683267
Sơn Bao,Sơn Hà,1200.000014596153
Sơn Lập,Sơn Tây,1600.0000022398308
Sơn Màu,Sơn Tây,2800.000033871038
Sơn Bao,Sơn Hà,2799.999988732161
Sơn Màu,Sơn Tây,4800.000014582183
Sơn Lập,Sơn Tây,9200.000005909242
Trà Thọ,Tây Trà,2000.0000104354694
Trà Lãnh,Tây Trà,1599.9999865528662
Trà Hiệp,Trà Bồng,6000.000038656872
Sơn Màu,Sơn Tây,14800.000051156385
Trà Hiệp,Trà Bồng,1199.9999647552613
Sơn Tân,Sơn Tây,2000.0000096065924
Trà Hiệp,Trà Bồng,4400.000036023557
Trà Hiệp,Trà Bồng,1199.999986510957
Sơn Màu,Sơn Tây,2000.0000404776074
Sơn Bao,Sơn Hà,1199.999981382862
Trà Lâm,Trà Bồng,3999.9999708717223
Sơn Màu,Sơn Tây,1199.9999926367307
Sơn Lập,Sơn Tây,6399.999986288603
Trà Lâm,Trà Bồng,6799.999988570344
Trà Thọ,Tây Trà,2399.999995562248
Trà Lãnh,Tây Trà,2000.0000163575169
Trà Lãnh,Tây Trà,1600.0000321946573
Trà Hiệp,Trà Bồng,1599.9999812466558
Trà Thọ,Tây Trà,3999.9999631231185
Sơn Màu,Sơn Tây,3599.9999616283458
Trà Thọ,Tây Trà,1200.0000054598788
Sơn Màu,Sơn Tây,2800.00000518281
Sơn Bao,Sơn Hà,3599.9999954237137
Sơn Màu,Sơn Tây,5200.00001346576
Trà Hiệp,Trà Bồng,7200.000021449523
Sơn Lập,Sơn Tây,33200.000023810426
Sơn Tinh,Sơn Tây,3200.000008394709
Sơn Tân,Sơn Tây,1200.0000091816767
Sơn Bao,Sơn Hà,3599.9999986193143
Sơn Bao,Sơn Hà,2399.9999940930866
Sơn Bao,Sơn Hà,1600.0000038929284
Trà Lãnh,Tây Trà,3199.999977553962
Sơn Lập,Sơn Tây,1999.9999720079359
Trà Lâm,Trà Bồng,3199.9999795947224
Trà Lãnh,Tây Trà,1599.999997636769
Sơn Bao,Sơn Hà,5200.000029322691
Sơn Bao,Sơn Hà,3200.000003997702
Sơn Màu,Sơn Tây,2400.000011881348
Sơn Màu,Sơn Tây,4399.999953974038
Sơn Bao,Sơn Hà,1599.9999853130425
Sơn Bao,Sơn Hà,1600.0000067346266
Trà Thọ,Tây Trà,8399.9999696319
Sơn Lập,Sơn Tây,2400.0000017299317
Sơn Bao,Sơn Hà,1599.9999933736399
Sơn Màu,Sơn Tây,1999.9999872839544
Sơn Màu,Sơn Tây,35599.99997136532
Sơn Tân,Sơn Tây,2000.000023067696
Sơn Màu,Sơn Tây,2799.9999970698263
Sơn Lập,Sơn Tây,3199.9999687308446
Sơn Lập,Sơn Tây,4000.0000360317063
Sơn Màu,Sơn Tây,5199.999999888241
Sơn Bao,Sơn Hà,4000.0000045774505
Trà Lâm,Trà Bồng,5599.999986069743
Sơn Bao,Sơn Hà,1600.0000257359354
Sơn Bao,Sơn Hà,1199.9999858892988
Sơn Bao,Sơn Hà,1600.0000000162981
Sơn Bao,Sơn Hà,1600.000001823064
Sơn Màu,Sơn Tây,1599.9999941757414
Trà Trung,Tây Trà,3999.9999966321047
Trà Hiệp,Trà Bồng,1599.9999934050718
Trà Hiệp,Trà Bồng,1199.999995258404
Sơn Lập,Sơn Tây,2400.000014611287
Sơn Bao,Sơn Hà,1600.0000030372755
Sơn Lập,Sơn Tây,5999.999955197563
Sơn Màu,Sơn Tây,1200.000018691644
Sơn Màu,Sơn Tây,4399.999992665835
Sơn Bao,Sơn Hà,1600.0000176648612
Sơn Lập,Sơn Tây,22399.99999779393
Sơn Lập,Sơn Tây,2800.000006664777
Sơn Bao,Sơn Hà,1200.000011449447
Sơn Lập,Sơn Tây,1200.0000010384244
Sơn Màu,Sơn Tây,1199.9999921559356
Sơn Màu,Sơn Tây,1999.9999950721392
Sơn Bao,Sơn Hà,5200.000020684674
Sơn Màu,Sơn Tây,1599.9999880313408
Sơn Bao,Sơn Hà,3199.9999977380503
Sơn Lập,Sơn Tây,1199.9999911349732
Sơn Bao,Sơn Hà,2800.000013834797
Trà Thọ,Tây Trà,3599.999992637895
Trà Lâm,Trà Bồng,1999.9999437807128
Sơn Bao,Sơn Hà,1199.999992108205
Sơn Lập,Sơn Tây,1999.9999941012356
Sơn Thượng,Sơn Hà,1200.0000372342765
Sơn Thượng,Sơn Hà,1999.9999848555308
Sơn Bao,Sơn Hà,2800.000029214425
Sơn Lập,Sơn Tây,4800.000013831304
Trà Lâm,Trà Bồng,1199.9999914085492
Sơn Màu,Sơn Tây,9600.000039445003
Sơn Bao,Sơn Hà,7999.999943587463
Sơn Tinh,Sơn Tây,1599.9999914621003
Sơn Lập,Sơn Tây,10400.000006753253
Sơn Thượng,Sơn Hà,2000.000013470417
Sơn Bao,Sơn Hà,2800.0000496476428
Sơn Bao,Sơn Hà,1200.000014231773
Trà Lâm,Trà Bồng,2000.0000172841826
Sơn Bao,Sơn Hà,2400.000011785887
Sơn Bao,Sơn Hà,4000.0000090012327
Sơn Màu,Sơn Tây,1199.9999992502853
Sơn Màu,Sơn Tây,1599.9999947892502
Sơn Lập,Sơn Tây,1200.0000055506825
Sơn Tinh,Sơn Tây,2800.000003403984
Sơn Màu,Sơn Tây,4800.00002291752
Sơn Màu,Sơn Tây,19599.999926192686
Sơn Màu,Sơn Tây,3999.99995412305
Sơn Thượng,Sơn Hà,2400.0000190758146
Sơn Bao,Sơn Hà,6400.000019947765
Trà Lâm,Trà Bồng,5200.000019836007
Sơn Bao,Sơn Hà,4000.0000116822775
Sơn Màu,Sơn Tây,1200.0000134715808
Sơn Màu,Sơn Tây,4799.999958066037
Sơn Bao,Sơn Hà,1200.0000007462222
Sơn Thượng,Sơn Hà,25199.999981485307
Trà Thủy,Trà Bồng,1599.9999954248779
Sơn Thượng,Sơn Hà,1600.0000043143518
Sơn Lập,Sơn Tây,2400.000015994301
Sơn Bao,Sơn Hà,2799.99998588115
Trà Thủy,Trà Bồng,1199.999980906723
Sơn Màu,Sơn Tây,13200.000030393712
Sơn Bao,Sơn Hà,1200.0000146531966
Sơn Bao,Sơn Hà,2399.999976749532
Sơn Lập,Sơn Tây,11200.000031491509
Trà Thọ,Tây Trà,1600.0000050268138
Trà Lâm,Trà Bồng,1999.999962785514
Trà Lâm,Trà Bồng,1999.9999595526606
Trà Thọ,Tây Trà,5999.9999934074
Sơn Thượng,Sơn Hà,1200.000030540395
Sơn Bao,Sơn Hà,1999.9999892653434
Sơn Bao,Sơn Hà,1200.0000171421564
Sơn Bao,Sơn Hà,1600.0000116799492
Sơn Bao,Sơn Hà,6399.9999721872155
Sơn Bao,Sơn Hà,2000.0000052305404
Trà Lâm,Trà Bồng,1199.9999844748527
Sơn Thượng,Sơn Hà,4399.999957400141
Sơn Thượng,Sơn Hà,1200.0000073679257
Sơn Thượng,Sơn Hà,1600.0000075181015
Sơn Màu,Sơn Tây,8400.000023605535
Sơn Bao,Sơn Hà,2000.0000051117968
Sơn Lập,Sơn Tây,2400.0000086508226
Trà Lãnh,Tây Trà,2799.9999947822653
Trà Lãnh,Tây Trà,2399.9999787670095
Trà Lâm,Trà Bồng,1199.9999646586368
Sơn Lập,Sơn Tây,2799.9999993562233
Sơn Bao,Sơn Hà,5200.000034183031
Trà Lãnh,Tây Trà,1600.0000082852785
Sơn Thượng,Sơn Hà,2799.999976049876
Trà Lâm,Trà Bồng,5200.000020150328
Sơn Tinh,Sơn Tây,1199.9999947182368
Trà Thọ,Tây Trà,1200.0000012491362
Sơn Tinh,Sơn Tây,2800.000008553034
Sơn Bao,Sơn Hà,1600.0000184588134
Sơn Bao,Sơn Hà,1600.000005530892
Sơn Tinh,Sơn Tây,4000.0000040489253
Trà Lâm,Trà Bồng,4799.999995846301
Sơn Lập,Sơn Tây,1600.0000130513217
Sơn Thượng,Sơn Hà,3999.9999938043766
Sơn Bao,Sơn Hà,1199.9999890918841
Trà Lâm,Trà Bồng,2000.000030924566
Sơn Bao,Sơn Hà,4000.0000064622145
Trà Lâm,Trà Bồng,8799.999979655258
Sơn Màu,Sơn Tây,1200.0000054412524
Sơn Thượng,Sơn Hà,1600.0000073201954
Sơn Bao,Sơn Hà,1199.9999900662806
Sơn Tinh,Sơn Tây,4000.000012520468
Sơn Thượng,Sơn Hà,4400.000014966354
Sơn Thượng,Sơn Hà,1999.9999965238385
Sơn Bao,Sơn Hà,2000.000004146714
Trà Thọ,Tây Trà,5199.99995584134
Sơn Bao,Sơn Hà,2000.0000164425
Trà Thọ,Tây Trà,2799.9999999348074
Sơn Thượng,Sơn Hà,1199.9999787227716
Trà Lâm,Trà Bồng,1200.000000774162
Sơn Lập,Sơn Tây,2000.0000203144737
Sơn Tinh,Sơn Tây,1199.9999890173785
Sơn Thượng,Sơn Hà,2000.000002012821
Sơn Thượng,Sơn Hà,2400.0000199559145
Sơn Lập,Sơn Tây,2400.000009110663
Sơn Bao,Sơn Hà,4799.99999762862
Trà Lâm,Trà Bồng,2400.0000038254075
Sơn Lập,Sơn Tây,2399.999970367644
Sơn Thượng,Sơn Hà,5599.999963857699
Trà Lâm,Trà Bồng,2000.000006055925
Sơn Bao,Sơn Hà,1200.0000070373062
Sơn Lập,Sơn Tây,4399.999973997474
Sơn Lập,Sơn Tây,4000.000016529812
Sơn Thượng,Sơn Hà,1199.9999789672438
Trà Lâm,Trà Bồng,2399.99998260173
Sơn Bao,Sơn Hà,4400.000019278377
Sơn Bao,Sơn Hà,1599.999977386324
Sơn Thượng,Sơn Hà,1200.0000184611417
Trà Lâm,Trà Bồng,1200.0000181922223
Sơn Thượng,Sơn Hà,16000.00006981194
Sơn Lập,Sơn Tây,7599.999963550363
Sơn Lập,Sơn Tây,4799.99996038503
Sơn Lập,Sơn Tây,3200.0000050500967
Sơn Bao,Sơn Hà,1600.0000126054508
Sơn Bao,Sơn Hà,1199.99999597203
Sơn Thượng,Sơn Hà,2000.000005903421
Trà Thủy,Trà Bồng,1599.9999988253694
Trà Thủy,Trà Bồng,2799.9999503965955
Trà Thủy,Trà Bồng,4400.000000146683
Sơn Thượng,Sơn Hà,1599.9999777134508
Sơn Thượng,Sơn Hà,1599.9999958847184
Sơn Bao,Sơn Hà,1999.9999865249265
Sơn Tinh,Sơn Tây,3599.999999124557
Sơn Thượng,Sơn Hà,1200.0000310095495
Sơn Thượng,Sơn Hà,1599.999993746169
Sơn Thượng,Sơn Hà,1200.000010918593
Sơn Thượng,Sơn Hà,1200.0000031362288
Sơn Thượng,Sơn Hà,1999.9999791267328
Sơn Thượng,Sơn Hà,11599.999977122061
Sơn Thượng,Sơn Hà,2000.0000204751268
Sơn Bao,Sơn Hà,3599.9999988113996
Trà Lâm,Trà Bồng,4800.00003022491
Sơn Thượng,Sơn Hà,8799.999986772891
Trà Lâm,Trà Bồng,1199.9999748240227
Sơn Lập,Sơn Tây,3599.9999945471063
Sơn Thượng,Sơn Hà,1600.0000172527507
Trà Thọ,Tây Trà,1199.9999914236832
Sơn Thượng,Sơn Hà,5999.999943248695
Sơn Thượng,Sơn Hà,1599.9999965087045
Trà Lãnh,Tây Trà,2399.9999813979957
Trà Thọ,Tây Trà,4400.000013568206
Trà Lâm,Trà Bồng,1200.0000090152025
Sơn Lập,Sơn Tây,2800.0000168709084
Sơn Thượng,Sơn Hà,10000.000002450543
Sơn Thượng,Sơn Hà,3599.9999735155143
Sơn Lập,Sơn Tây,3199.9999948067125
Sơn Lập,Sơn Tây,2399.999981726287
Trà Lâm,Trà Bồng,1599.99997193343
Sơn Thượng,Sơn Hà,6400.000036023557
Sơn Lập,Sơn Tây,4799.999984671595
Sơn Tinh,Sơn Tây,1200.0000285822898
Sơn Tinh,Sơn Tây,8800.000027463539
Trà Trung,Tây Trà,7599.99999484513
Sơn Thượng,Sơn Hà,1999.9999972630758
Trà Thủy,Trà Bồng,1199.9999862967522
Sơn Lập,Sơn Tây,1199.9999902653508
Sơn Thượng,Sơn Hà,7199.9999926565215
Sơn Thượng,Sơn Hà,1200.000001953449
Sơn Bao,Sơn Hà,2000.000042959582
Sơn Bao,Sơn Hà,2800.000004299218
Sơn Thượng,Sơn Hà,2400.0000322877895
Trà Trung,Tây Trà,1199.9999956123065
Sơn Bao,Sơn Hà,1199.9999940418638
Trà Lâm,Trà Bồng,2400.0000014307443
Trà Thủy,Trà Bồng,1199.9999987648334
Sơn Tinh,Sơn Tây,11200.000031928066
Sơn Thượng,Sơn Hà,52400.00004699221
Trà Lâm,Trà Bồng,3600.0000317324884
Sơn Lập,Sơn Tây,1599.9999941699205
Sơn Thượng,Sơn Hà,7200.000008366769
Sơn Thượng,Sơn Hà,27600.00000725384
Sơn Thượng,Sơn Hà,1199.9999876122458
Sơn Bao,Sơn Hà,2000.0000024645126
Sơn Tinh,Sơn Tây,5600.00005429727
Sơn Thượng,Sơn Hà,2400.0000022270247
Sơn Thượng,Sơn Hà,1600.0000019872093
Sơn Thượng,Sơn Hà,1200.000005416805
Sơn Thượng,Sơn Hà,4800.000021435553
Sơn Bao,Sơn Hà,1199.9999915389342
Sơn Thượng,Sơn Hà,1600.0000291049944
Sơn Thượng,Sơn Hà,6400.000029742951
Trà Lâm,Trà Bồng,9200.0000172609
Sơn Thượng,Sơn Hà,1600.0000049872324
Trà Lâm,Trà Bồng,1200.0000029290093
Sơn Bao,Sơn Hà,1200.0000188837291
Sơn Thượng,Sơn Hà,2000.000005415641
Sơn Thượng,Sơn Hà,1200.0000123644713
Sơn Thượng,Sơn Hà,1600.0000327359883
Trà Lâm,Trà Bồng,4800.000027435599
Sơn Thượng,Sơn Hà,1600.000036202837
Trà Nham,Tây Trà,5600.000001860317
Trà Nham,Tây Trà,2000.000007962808
Trà Lâm,Trà Bồng,1599.9999982956797
Sơn Thượng,Sơn Hà,1599.9999837228097
Sơn Tinh,Sơn Tây,17999.999997310806
Sơn Lập,Sơn Tây,10400.000000438886
Sơn Tinh,Sơn Tây,2000.0000048312354
Sơn Thượng,Sơn Hà,1200.0000221945813
Sơn Thượng,Sơn Hà,16800.000069846865
Trà Lâm,Trà Bồng,2400.000015129335
Trà Lâm,Trà Bồng,3199.9999773246236
Sơn Thượng,Sơn Hà,2399.999985268805
Sơn Thượng,Sơn Hà,1200.0000012875535
Sơn Thượng,Sơn Hà,7200.000015345868
Sơn Bao,Sơn Hà,2399.9999798939098
Trà Thủy,Trà Bồng,1999.9999589880463
Sơn Lập,Sơn Tây,2000.0000019336585
Sơn Bao,Sơn Hà,1600.0000068394
Sơn Thượng,Sơn Hà,1199.999998481944
Sơn Lập,Sơn Tây,3599.9999916856177
Trà Thủy,Trà Bồng,2399.9999585130718
Sơn Thượng,Sơn Hà,10799.999906077283
Sơn Tinh,Sơn Tây,6800.0000038289
Sơn Thượng,Sơn Hà,9599.999982860172
Di Lăng,Sơn Hà,1199.999977828702
Sơn Tinh,Sơn Tây,1999.9999854550692
Sơn Thượng,Sơn Hà,4399.999941403512
Sơn Thượng,Sơn Hà,3200.0000232516322
Sơn Tinh,Sơn Tây,2799.9999877926894
Sơn Thượng,Sơn Hà,1200.0000208197162
Sơn Thượng,Sơn Hà,15199.999962300062
Sơn Thượng,Sơn Hà,68799.99994401471
Sơn Lập,Sơn Tây,5199.999978569103
Trà Lâm,Trà Bồng,6000.000019972213
Trà Thủy,Trà Bồng,1600.000000279397
Sơn Thượng,Sơn Hà,12800.000020768493
Di Lăng,Sơn Hà,2000.0000051641837
Trà Thủy,Trà Bồng,1199.9999866588041
Trà Lâm,Trà Bồng,1600.0000404193995
Di Lăng,Sơn Hà,1600.0000233470928
Di Lăng,Sơn Hà,3999.9999759171624
Trà Thủy,Trà Bồng,2000.0000104901844
Sơn Tinh,Sơn Tây,1199.9999973515514
Di Lăng,Sơn Hà,3199.9999657052113
Trà Nham,Tây Trà,1200.0000110839028
Sơn Tinh,Sơn Tây,4000.00000310014
Di Lăng,Sơn Hà,10399.999985231552
Sơn Tinh,Sơn Tây,6400.000006419141
Sơn Thượng,Sơn Hà,1199.9999889649919
Sơn Thượng,Sơn Hà,4000.0000060279854
Di Lăng,Sơn Hà,1600.0000067451042
Di Lăng,Sơn Hà,4800.000013060635
Di Lăng,Sơn Hà,1199.9999707576353
Sơn Tinh,Sơn Tây,1199.9999854562338
Trà Thủy,Trà Bồng,2000.0000349828042
Di Lăng,Sơn Hà,6000.0000100256875
Sơn Thượng,Sơn Hà,7199.999997144332
Sơn Thượng,Sơn Hà,30000.000027583446
Trà Sơn,Trà Bồng,2399.999966941541
Trà Lâm,Trà Bồng,4400.00001745997
Sơn Lập,Sơn Tây,1200.0000000500584
Sơn Tinh,Sơn Tây,4400.000034270342
Sơn Thượng,Sơn Hà,1200.0000043818727
Sơn Thượng,Sơn Hà,28000.000024191104
Trà Trung,Tây Trà,2400.0000172608998
Sơn Lập,Sơn Tây,7200.000007763738
Di Lăng,Sơn Hà,4799.999978515552
Sơn Thượng,Sơn Hà,7999.9999844736885
Sơn Thượng,Sơn Hà,5600.000030255178
Di Lăng,Sơn Hà,4400.000007998897
Sơn Lập,Sơn Tây,1199.9999813339673
Sơn Tinh,Sơn Tây,1999.9999865982682
Trà Thủy,Trà Bồng,1599.9999997508714
Di Lăng,Sơn Hà,1599.9999791709708
Di Lăng,Sơn Hà,1599.9999983911403
Di Lăng,Sơn Hà,1600.0000375905074
Sơn Tinh,Sơn Tây,15199.999997747364
Sơn Thượng,Sơn Hà,4400.000005908078
Sơn Thượng,Sơn Hà,1599.999997082632
Sơn Tinh,Sơn Tây,1200.0000128825195
Sơn Thượng,Sơn Hà,1999.9999734945595
Sơn Thượng,Sơn Hà,1599.9999839381778
Di Lăng,Sơn Hà,4400.000014622929
Sơn Lập,Sơn Tây,12000.000025542686
Sơn Tinh,Sơn Tây,6000.00002045068
Sơn Thượng,Sơn Hà,1199.999984180322
Sơn Thượng,Sơn Hà,4800.000004802132
Sơn Tinh,Sơn Tây,13600.000005138572
Sơn Tinh,Sơn Tây,3600.000003577443
Di Lăng,Sơn Hà,1999.9999995483086
Di Lăng,Sơn Hà,3600.0000349862967
Sơn Tinh,Sơn Tây,2399.999992008088
Sơn Lập,Sơn Tây,3999.9999841616955
Trà Thủy,Trà Bồng,15999.999993310776
Sơn Lập,Sơn Tây,1999.9999967380427
Di Lăng,Sơn Hà,1599.9999603466129
Di Lăng,Sơn Hà,3200.0000309280585
Sơn Kỳ,Sơn Hà,1599.9999919533732
Sơn Thượng,Sơn Hà,9199.999963173177
Sơn Lập,Sơn Tây,1599.9999893223867
Sơn Thượng,Sơn Hà,7599.999970128993
Sơn Lập,Sơn Tây,13199.999924608273
Trà Trung,Tây Trà,1600.0000256812198
Trà Thủy,Trà Bồng,4799.999985997565
Sơn Lập,Sơn Tây,3599.999971437501
Sơn Lập,Sơn Tây,1199.9999884783756
Di Lăng,Sơn Hà,1200.000022117747
Di Lăng,Sơn Hà,2000.0000022968743
Sơn Thượng,Sơn Hà,2799.999994591344
Sơn Thượng,Sơn Hà,6799.999928481411
Trà Trung,Tây Trà,3600.000007406343
Sơn Lập,Sơn Tây,4400.000005962793
Sơn Thượng,Sơn Hà,1199.999988544732
Sơn Thượng,Sơn Hà,44800.000065998174
Sơn Thượng,Sơn Hà,1999.9999885994475
Sơn Thượng,Sơn Hà,2000.0000035774428
Sơn Thượng,Sơn Hà,1999.9999919254333
Sơn Tinh,Sơn Tây,1200.0000035832636
Sơn Thượng,Sơn Hà,35200.00003393972
Sơn Thượng,Sơn Hà,7600.000008128118
Di Lăng,Sơn Hà,1199.999988215277
Sơn Tinh,Sơn Tây,1199.9999789730646
Di Lăng,Sơn Hà,1999.999991694931
Trà Bùi,Trà Bồng,5200.000002995366
Sơn Thượng,Sơn Hà,10399.999962273287
Di Lăng,Sơn Hà,1200.0000250537414
Trà Thủy,Trà Bồng,2800.000018606661
Trà Nham,Tây Trà,1200.0000071094837
Sơn Thượng,Sơn Hà,5599.999962288421
Di Lăng,Sơn Hà,1199.999997445848
Di Lăng,Sơn Hà,1599.9999742442747
Sơn Kỳ,Sơn Hà,12800.000038684811
Sơn Thượng,Sơn Hà,7199.999995948747
Sơn Thượng,Sơn Hà,1600.0000102992633
Sơn Kỳ,Sơn Hà,1600.0000067718793
Sơn Tinh,Sơn Tây,1999.999984523747
Di Lăng,Sơn Hà,6399.999967861222
Sơn Thượng,Sơn Hà,2000.0000510178504
Sơn Tinh,Sơn Tây,1199.9999959301203
Sơn Thượng,Sơn Hà,4399.999998029089
Di Lăng,Sơn Hà,1599.999999818392
Sơn Thượng,Sơn Hà,4799.999995515682
Sơn Thượng,Sơn Hà,5999.99997854582
Sơn Tinh,Sơn Tây,4399.999985885806
Sơn Thượng,Sơn Hà,14000.00003851601
Sơn Thượng,Sơn Hà,1200.0000261701643
Di Lăng,Sơn Hà,2800.000047753565
Sơn Lập,Sơn Tây,5600.000028882641
Di Lăng,Sơn Hà,2800.0000046298373
Sơn Thượng,Sơn Hà,4800.000023622997
Sơn Lập,Sơn Tây,6399.999995938269
Di Lăng,Sơn Hà,5200.000009792857
Sơn Kỳ,Sơn Hà,7599.999985422473
Trà Sơn,Trà Bồng,1600.00001363107
Sơn Lập,Sơn Tây,3199.9999918497633
Di Lăng,Sơn Hà,1999.9999881349504
Trà Sơn,Trà Bồng,1599.9999827146528
Sơn Kỳ,Sơn Hà,8800.000017926795
Trà Thủy,Trà Bồng,10799.999961908907
Di Lăng,Sơn Hà,2399.999976195395
Sơn Lập,Sơn Tây,2799.999981953297
Trà Bùi,Trà Bồng,3999.999990373617
Trà Nham,Tây Trà,4400.000025323825
Trà Sơn,Trà Bồng,2400.000022058375
Sơn Thượng,Sơn Hà,1200.0000083621123
Sơn Thượng,Sơn Hà,2000.0000052549876
Sơn Thượng,Sơn Hà,2400.000005927868
Sơn Thượng,Sơn Hà,4400.000020605512
Sơn Thượng,Sơn Hà,1999.999982569134
Sơn Tinh,Sơn Tây,1999.9999935377855
Di Lăng,Sơn Hà,8000.0000267941505
Trà Bùi,Trà Bồng,7600.000000772998
Sơn Kỳ,Sơn Hà,21599.999954110244
Sơn Tinh,Sơn Tây,1599.9999668553935
Sơn Thượng,Sơn Hà,1999.9999923398718
Sơn Lập,Sơn Tây,8800.000025813933
Sơn Thượng,Sơn Hà,2399.9999997229315
Di Lăng,Sơn Hà,1600.0000059767626
Di Lăng,Sơn Hà,1600.0000009057112
Di Lăng,Sơn Hà,3599.9999713990837
Sơn Tinh,Sơn Tây,6400.000030691735
Sơn Thượng,Sơn Hà,1599.9999971210486
Sơn Trung,Sơn Hà,2800.0000147661194
Sơn Lập,Sơn Tây,1599.9999690789268
Sơn Tinh,Sơn Tây,2799.999993364327
Sơn Thượng,Sơn Hà,12400.000001806766
Di Lăng,Sơn Hà,7999.999989094213
Sơn Tinh,Sơn Tây,61200.000041435705
Sơn Trung,Sơn Hà,1199.9999948812183
Sơn Lập,Sơn Tây,1599.999992144294
Sơn Thượng,Sơn Hà,2000.0000246369746
Di Lăng,Sơn Hà,3599.999983247835
Trà Sơn,Trà Bồng,2399.999988056952
Sơn Lập,Sơn Tây,10400.000028545037
Di Lăng,Sơn Hà,4400.000031706877
Sơn Lập,Sơn Tây,4399.999996593688
Sơn Trung,Sơn Hà,1600.0000044726767
Di Lăng,Sơn Hà,1200.0000180269126
Sơn Kỳ,Sơn Hà,3199.9999775993642
Sơn Thượng,Sơn Hà,4800.000009748619
Sơn Thượng,Sơn Hà,6000.000018394785
Di Lăng,Sơn Hà,1199.9999983864836
Di Lăng,Sơn Hà,4799.9999972363
Trà Bùi,Trà Bồng,5200.0000090606045
Sơn Kỳ,Sơn Hà,2800.000019269064
Sơn Kỳ,Sơn Hà,47199.99996345723
Sơn Lập,Sơn Tây,4400.000004868489
Sơn Thượng,Sơn Hà,2399.999974636594
Sơn Thượng,Sơn Hà,1599.9999848613515
Sơn Trung,Sơn Hà,2000.000017042039
Sơn Trung,Sơn Hà,1600.0000180117786
Di Lăng,Sơn Hà,2800.000031280797
Sơn Thượng,Sơn Hà,7999.999987655319
Sơn Thượng,Sơn Hà,5599.99998962041
Di Lăng,Sơn Hà,1199.999999389984
Sơn Lập,Sơn Tây,1200.000007993076
Sơn Lập,Sơn Tây,2799.999976513209
Di Lăng,Sơn Hà,1199.999987775227
Sơn Kỳ,Sơn Hà,7200.000033444958
Sơn Kỳ,Sơn Hà,11999.999991260702
Sơn Tinh,Sơn Tây,1199.9999828625005
Sơn Tinh,Sơn Tây,58000.000024569454
Sơn Kỳ,Sơn Hà,2799.99998954474
Trà Sơn,Trà Bồng,2000.000001664739
Trà Sơn,Trà Bồng,8400.000017751008
Sơn Kỳ,Sơn Hà,6399.999999265419
Di Lăng,Sơn Hà,3199.9999928532634
Sơn Kỳ,Sơn Hà,2400.0000084319618
Sơn Trung,Sơn Hà,1199.9999748414848
Sơn Lập,Sơn Tây,4400.000009780051
Sơn Kỳ,Sơn Hà,11599.9999930989
Sơn Kỳ,Sơn Hà,1199.9999993352683
Sơn Trung,Sơn Hà,1199.9999963189478
Sơn Trung,Sơn Hà,4400.0000195077155
Sơn Trung,Sơn Hà,5199.999974258244
Sơn Trung,Sơn Hà,1999.9999875365756
Trà Sơn,Trà Bồng,8800.00001383829
Sơn Thượng,Sơn Hà,8400.00002336572
Sơn Thượng,Sơn Hà,1999.9999856844079
Sơn Kỳ,Sơn Hà,3999.9999791337177
Sơn Thượng,Sơn Hà,4399.999987769406
Trà Sơn,Trà Bồng,3999.9999852548353
Sơn Kỳ,Sơn Hà,6000.000039461302
Sơn Trung,Sơn Hà,1200.0000150850974
Sơn Trung,Sơn Hà,1200.000008570496
Sơn Thượng,Sơn Hà,1600.0000019581055
Sơn Thượng,Sơn Hà,37599.99989781529
Trà Thủy,Trà Bồng,1999.9999928311445
Trà Thủy,Trà Bồng,9200.000006071059
Sơn Thượng,Sơn Hà,1200.0000120163895
Sơn Thủy,Sơn Hà,1199.9999938043766
Trà Sơn,Trà Bồng,1200.0000200292563
Sơn Kỳ,Sơn Hà,5999.999999974389
Sơn Thượng,Sơn Hà,1599.9999867065344
Sơn Trung,Sơn Hà,8000.000023213215
Sơn Thượng,Sơn Hà,9599.99996165745
Trà Sơn,Trà Bồng,1200.0000114343127
Sơn Tinh,Sơn Tây,1199.9999974842651
Trà Sơn,Trà Bồng,2399.9999636085704
Sơn Trung,Sơn Hà,1200.0000141200144
Sơn Kỳ,Sơn Hà,1200.0000123342033
Sơn Trung,Sơn Hà,1999.9999887682498
Sơn Kỳ,Sơn Hà,1199.999993527308
Sơn Kỳ,Sơn Hà,11199.999970074277
Di Lăng,Sơn Hà,1600.0000016810375
Sơn Tinh,Sơn Tây,1600.0000234460456
Di Lăng,Sơn Hà,1200.000002285233
Sơn Kỳ,Sơn Hà,6000.000007628696
Sơn Kỳ,Sơn Hà,7599.99998620362
Di Lăng,Sơn Hà,1200.0000161794014
Trà Sơn,Trà Bồng,4800.000008299248
Sơn Kỳ,Sơn Hà,5999.99996612547
Sơn Trung,Sơn Hà,8400.000031444943
Di Lăng,Sơn Hà,2799.9999635957656
Sơn Tinh,Sơn Tây,2399.9999903410207
Sơn Thượng,Sơn Hà,7600.000029485673
Di Lăng,Sơn Hà,1200.000034206314
Sơn Tinh,Sơn Tây,1199.9999661231416
Trà Sơn,Trà Bồng,1999.9999970453791
Sơn Trung,Sơn Hà,1599.9999961012509
Sơn Trung,Sơn Hà,4399.99996372615
Sơn Kỳ,Sơn Hà,2799.9999953096267
Trà Sơn,Trà Bồng,1199.9999933235813
Di Lăng,Sơn Hà,1600.0000038906003
Trà Sơn,Trà Bồng,8000.000003107125
Sơn Kỳ,Sơn Hà,9600.000028187642
Sơn Kỳ,Sơn Hà,5600.00000726548
Sơn Thượng,Sơn Hà,11199.999940504786
Sơn Kỳ,Sơn Hà,19199.999996912666
Sơn Tinh,Sơn Tây,17200.000054099364
Sơn Thủy,Sơn Hà,2800.000021433225
Sơn Trung,Sơn Hà,2000.000020004809
Sơn Trung,Sơn Hà,8800.000019418076
Sơn Kỳ,Sơn Hà,4800.000016323756
Sơn Kỳ,Sơn Hà,5600.000070765382
Sơn Thủy,Sơn Hà,16400.000051484676
Sơn Kỳ,Sơn Hà,15199.999964290764
Trà Sơn,Trà Bồng,1600.0000180792993
Sơn Tinh,Sơn Tây,1200.0000235438347
Di Lăng,Sơn Hà,1600.000015355181
Sơn Kỳ,Sơn Hà,2000.0000010430813
Sơn Kỳ,Sơn Hà,7200.000002562301
Trà Sơn,Trà Bồng,1999.9999953887896
Sơn Kỳ,Sơn Hà,2400.000044615008
Trà Sơn,Trà Bồng,3599.999993412057
Sơn Trung,Sơn Hà,10800.000012974488
Trà Bùi,Trà Bồng,2000.00001097098
Sơn Trung,Sơn Hà,1199.9999980977736
Sơn Trung,Sơn Hà,9600.000004760223
Sơn Kỳ,Sơn Hà,3599.9999748694245
Sơn Trung,Sơn Hà,11199.999975387473
Sơn Kỳ,Sơn Hà,1600.00001189881
Sơn Kỳ,Sơn Hà,1599.999993816018
Sơn Kỳ,Sơn Hà,4400.000053450931
Sơn Trung,Sơn Hà,1199.9999976227991
Sơn Kỳ,Sơn Hà,5200.0000136788
Sơn Tinh,Sơn Tây,1600.0000246556012
Sơn Trung,Sơn Hà,16799.999976949766
Sơn Trung,Sơn Hà,1600.000019650906
Sơn Thủy,Sơn Hà,1199.999997804407
Sơn Kỳ,Sơn Hà,1599.9999971617945
Di Lăng,Sơn Hà,2400.0000331085175
Di Lăng,Sơn Hà,1999.9999772757294
Di Lăng,Sơn Hà,2799.9999954388477
Di Lăng,Sơn Hà,1600.0000156508759
Sơn Trung,Sơn Hà,18400.000014167745
Sơn Kỳ,Sơn Hà,3200.000028627692
Sơn Trung,Sơn Hà,54000.0000492041
Sơn Kỳ,Sơn Hà,11200.000033116667
Sơn Kỳ,Sơn Hà,9200.00000820146
Sơn Thủy,Sơn Hà,7200.000038567232
Sơn Trung,Sơn Hà,1600.0000177277252
Sơn Kỳ,Sơn Hà,3599.9999982421286
Sơn Thủy,Sơn Hà,1599.9999873200431
Sơn Kỳ,Sơn Hà,2800.0000106997322
Sơn Trung,Sơn Hà,8399.999972818187
Sơn Kỳ,Sơn Hà,11599.99997209874
Sơn Kỳ,Sơn Hà,1599.9999811418818
Sơn Kỳ,Sơn Hà,6000.0000002922025
Sơn Kỳ,Sơn Hà,19600.000052970136
Trà Thủy,Trà Bồng,3599.9999571312223
Sơn Kỳ,Sơn Hà,5600.00002319226
Trà Thủy,Trà Bồng,2400.0000098033343
Sơn Kỳ,Sơn Hà,2399.9999749776907
Sơn Kỳ,Sơn Hà,2400.0000034016557
Sơn Thủy,Sơn Hà,9999.99996190425
Sơn Trung,Sơn Hà,12800.000020614825
Sơn Kỳ,Sơn Hà,2000.0000100804027
Sơn Thủy,Sơn Hà,4399.999968120828
Sơn Trung,Sơn Hà,3199.9999846925493
Di Lăng,Sơn Hà,2399.9999975552782
Sơn Kỳ,Sơn Hà,8400.000016116537
Sơn Thủy,Sơn Hà,5599.99999474152
Sơn Trung,Sơn Hà,1999.9999466945885
Di Lăng,Sơn Hà,3200.000007569324
Sơn Thủy,Sơn Hà,4799.999989713542
Sơn Trung,Sơn Hà,1599.999996200204
Sơn Trung,Sơn Hà,1200.0000229175203
Di Lăng,Sơn Hà,1599.9999952339567
Trà Thủy,Trà Bồng,1199.9999957857651
Sơn Thủy,Sơn Hà,9200.000007204944
Di Lăng,Sơn Hà,1200.0000087497756
Trà Sơn,Trà Bồng,3200.000046697678
Sơn Kỳ,Sơn Hà,1200.000029273797
Sơn Thủy,Sơn Hà,6000.0000115146395
Sơn Trung,Sơn Hà,1199.9999886075966
Sơn Trung,Sơn Hà,3200.0000294402707
Di Lăng,Sơn Hà,1599.9999751965515
Di Lăng,Sơn Hà,3600.0000377127435
Sơn Kỳ,Sơn Hà,1200.0000074505806
Di Lăng,Sơn Hà,3199.9999999790452
Sơn Trung,Sơn Hà,1999.9999615619895
Sơn Thủy,Sơn Hà,1200.000002705492
Sơn Thủy,Sơn Hà,1600.000014214311
Trà Bùi,Trà Bồng,9600.000005612383
Sơn Hải,Sơn Hà,19200.000039779115
Di Lăng,Sơn Hà,1199.9999981117437
Trà Sơn,Trà Bồng,1200.0000193552114
Sơn Hải,Sơn Hà,1200.0000043131874
Sơn Kỳ,Sơn Hà,2399.9999933328945
Sơn Kỳ,Sơn Hà,3199.999960495625
Sơn Thủy,Sơn Hà,1199.9999687098898
Sơn Hải,Sơn Hà,23599.999958502594
Sơn Thủy,Sơn Hà,4399.999998238636
Sơn Thủy,Sơn Hà,2800.000009386568
Sơn Trung,Sơn Hà,2400.0000061967876
Sơn Thủy,Sơn Hà,6000.00003025867
Sơn Trung,Sơn Hà,7999.999973371159
Sơn Thủy,Sơn Hà,1199.9999974272214
Sơn Thủy,Sơn Hà,1600.000011642696
Sơn Thủy,Sơn Hà,6800.000033831457
Sơn Hải,Sơn Hà,3200.00001174747
Sơn Trung,Sơn Hà,7999.999952234793
Di Lăng,Sơn Hà,2399.999984644819
Sơn Thủy,Sơn Hà,1199.9999884900171
Sơn Hải,Sơn Hà,1199.999996793922
Sơn Thủy,Sơn Hà,1599.9999984516762
Di Lăng,Sơn Hà,5199.999995010439
Sơn Thủy,Sơn Hà,2800.0000366882887
Sơn Hải,Sơn Hà,4400.000007811468
Di Lăng,Sơn Hà,5200.0000030733645
Trà Bùi,Trà Bồng,1199.9999833549373
Sơn Hải,Sơn Hà,1200.0000084575731
Sơn Kỳ,Sơn Hà,2800.0000286463182
Sơn Thủy,Sơn Hà,2399.9999984272295
Trà Thủy,Trà Bồng,1200.0000187498517
Sơn Thủy,Sơn Hà,7599.999985831091
Sơn Thủy,Sơn Hà,1199.9999946390744
Sơn Hải,Sơn Hà,1199.9999921838753
Di Lăng,Sơn Hà,8799.999970295466
Trà Thủy,Trà Bồng,2800.0000137998722
Di Lăng,Sơn Hà,2399.999994216487
Trà Sơn,Trà Bồng,1199.9999949731864
Trà Thủy,Trà Bồng,10000.000004142057
Sơn Kỳ,Sơn Hà,2799.9999906891026
Sơn Thủy,Sơn Hà,2799.999999323627
Sơn Trung,Sơn Hà,1200.0000144972
Trà Thủy,Trà Bồng,4400.000030448427
Sơn Kỳ,Sơn Hà,2399.999986254843
Sơn Thủy,Sơn Hà,4399.9999650684185
Trà Thủy,Trà Bồng,5200.000008427305
Sơn Hải,Sơn Hà,1200.0000052386893
Sơn Trung,Sơn Hà,5600.000012600794
Trà Thủy,Trà Bồng,3999.999982555164
Trà Thủy,Trà Bồng,6400.0000398629345
Trà Thủy,Trà Bồng,1199.9999687541278
Sơn Thủy,Sơn Hà,13200.000027443748
Sơn Trung,Sơn Hà,2000.0000115658622
Trà Sơn,Trà Bồng,3999.9999805761036
Sơn Thủy,Sơn Hà,1200.000014611287
Trà Thủy,Trà Bồng,3199.9999789579306
Sơn Thủy,Sơn Hà,6399.9999780685175
Sơn Thủy,Sơn Hà,1600.0000007951166
Sơn Trung,Sơn Hà,3200.0000176392496
Di Lăng,Sơn Hà,1599.9999843887053
Trà Thủy,Trà Bồng,14799.999978617998
Sơn Thủy,Sơn Hà,3199.999966507312
Sơn Hải,Sơn Hà,10400.000046425266
Sơn Trung,Sơn Hà,1200.0000269396696
Trà Thủy,Trà Bồng,5600.000028803479
Sơn Hải,Sơn Hà,7599.99996061204
Sơn Hải,Sơn Hà,2400.000011115335
Sơn Thủy,Sơn Hà,1999.9999914318323
Sơn Hải,Sơn Hà,2000.0000103691127
Trà Thủy,Trà Bồng,2400.000009549549
Sơn Thành,Sơn Hà,7599.999975957908
Trà Thủy,Trà Bồng,2800.0000320957042
Sơn Thủy,Sơn Hà,1999.9999734107405
Sơn Thủy,Sơn Hà,2800.0000029208604
Sơn Hải,Sơn Hà,3200.0000194867607
Sơn Thủy,Sơn Hà,1599.9999989848584
Sơn Thủy,Sơn Hà,5199.999951369828
Sơn Hải,Sơn Hà,5999.99998137122
Sơn Thủy,Sơn Hà,2800.0000076694414
Sơn Hải,Sơn Hà,1999.9999803025278
Sơn Thành,Sơn Hà,3999.999981500441
Sơn Hải,Sơn Hà,4800.000024404144
Sơn Hải,Sơn Hà,2399.9999959161505
Sơn Trung,Sơn Hà,2399.999991788063
Sơn Kỳ,Sơn Hà,1999.999954503728
Trà Bùi,Trà Bồng,1199.999994288664
Sơn Thủy,Sơn Hà,10000.000034307595
Trà Thủy,Trà Bồng,1599.999970261706
Trà Sơn,Trà Bồng,1199.999998747371
Sơn Kỳ,Sơn Hà,2400.0000063190237
Sơn Trung,Sơn Hà,1999.9999900197145
Sơn Hải,Sơn Hà,1199.999991543591
Sơn Thành,Sơn Hà,6400.000001563458
Sơn Kỳ,Sơn Hà,1999.9999875715002
Sơn Kỳ,Sơn Hà,2800.000013676472
Trà Thủy,Trà Bồng,3599.999967319891
Sơn Thủy,Sơn Hà,1600.0000117626041
Sơn Thủy,Sơn Hà,4799.999999633292
Sơn Thành,Sơn Hà,4799.9999747634865
Sơn Thủy,Sơn Hà,2000.0000213435849
Sơn Hải,Sơn Hà,1199.9999964796004
Sơn Hải,Sơn Hà,2400.000015378464
Sơn Thủy,Sơn Hà,2800.000005624024
Sơn Hải,Sơn Hà,2399.999997400446
Sơn Thành,Sơn Hà,2399.9999871919863
Sơn Thủy,Sơn Hà,1599.9999844445847
Trà Xuân,Trà Bồng,1199.999982318841
Sơn Thủy,Sơn Hà,2400.000000813743
Trà Thủy,Trà Bồng,1200.000002995366
Ba Xa,Ba Tơ,1199.9999981629662
Sơn Thủy,Sơn Hà,3200.0000231328886
Sơn Hải,Sơn Hà,1199.999979216373
Sơn Kỳ,Sơn Hà,10399.999995080288
Sơn Hải,Sơn Hà,18000.000013281824
Sơn Hải,Sơn Hà,1600.0000175344758
Sơn Kỳ,Sơn Hà,3199.999980548164
Sơn Thủy,Sơn Hà,1599.9999864329584
Sơn Thủy,Sơn Hà,1600.000049648807
Sơn Thủy,Sơn Hà,9599.999994710088
Trà Thủy,Trà Bồng,2800.0000247964635
Trà Thủy,Trà Bồng,1599.999962283764
Sơn Kỳ,Sơn Hà,4000.000027664937
Trà Bùi,Trà Bồng,2399.9999845284037
Sơn Kỳ,Sơn Hà,15200.000030940864
Sơn Thủy,Sơn Hà,4399.999997960404
Ba Xa,Ba Tơ,3599.9999589985237
Sơn Thủy,Sơn Hà,8799.999987074407
Sơn Thủy,Sơn Hà,10800.000025118934
Trà Thủy,Trà Bồng,2800.000004200265
Trà Xuân,Trà Bồng,5199.99997912324
Ba Xa,Ba Tơ,9199.999986792682
Ba Xa,Ba Tơ,6800.00001081964
Sơn Trung,Sơn Hà,3200.000015872065
Ba Xa,Ba Tơ,4400.000013208482
Sơn Kỳ,Sơn Hà,4400.000056916615
Sơn Thủy,Sơn Hà,11200.000030652154
Sơn Thủy,Sơn Hà,2000.0000265054405
Trà Thủy,Trà Bồng,1599.999979706481
Ba Xa,Ba Tơ,1199.9999983864836
Sơn Kỳ,Sơn Hà,1599.9999891850166
Sơn Thủy,Sơn Hà,1599.9999893875793
Trà Tân,Trà Bồng,2399.9999884166755
Sơn Hải,Sơn Hà,2000.000016080448
Sơn Thủy,Sơn Hà,3999.9999669124372
Sơn Thủy,Sơn Hà,3600.000029205112
Sơn Trung,Sơn Hà,7599.999982290901
Trà Tân,Trà Bồng,4400.000019669533
Sơn Kỳ,Sơn Hà,1200.000007081544
Sơn Kỳ,Sơn Hà,1999.9999977648258
Ba Xa,Ba Tơ,1200.0000026356429
Sơn Thủy,Sơn Hà,2000.0000040140003
Sơn Kỳ,Sơn Hà,1200.0000132096466
Sơn Kỳ,Sơn Hà,1199.999997857958
Sơn Kỳ,Sơn Hà,1999.9999910767656
Sơn Thủy,Sơn Hà,2399.9999799451325
Trà Thủy,Trà Bồng,3600.000009657815
Sơn Hải,Sơn Hà,1200.0000051618554
Trà Bùi,Trà Bồng,4400.000016671838
Trà Sơn,Trà Bồng,6000.000006199116
Sơn Kỳ,Sơn Hà,4800.000021132873
Sơn Thủy,Sơn Hà,6399.999972860096
Sơn Thủy,Sơn Hà,1199.9999946029857
Sơn Hải,Sơn Hà,18400.00002392102
Sơn Kỳ,Sơn Hà,1999.9999575130641
Sơn Kỳ,Sơn Hà,2000.0000301841649
Sơn Hải,Sơn Hà,3599.9999765492976
Sơn Trung,Sơn Hà,1600.0000163551886
Sơn Giang,Sơn Hà,5999.9999826157
Trà Bùi,Trà Bồng,3199.9999650393147
Sơn Thủy,Sơn Hà,1599.999989573844
Sơn Thành,Sơn Hà,1600.000016791746
Sơn Thủy,Sơn Hà,5200.000062055187
Sơn Thủy,Sơn Hà,9200.000044924673
Sơn Kỳ,Sơn Hà,2799.999974425882
Sơn Hải,Sơn Hà,2800.000010123476
Sơn Trung,Sơn Hà,2399.999998850981
Sơn Kỳ,Sơn Hà,2800.0000119942706
Sơn Hải,Sơn Hà,1599.9999990395734
Sơn Kỳ,Sơn Hà,2399.999994664686
Sơn Kỳ,Sơn Hà,7600.000014852267
Sơn Hải,Sơn Hà,5200.000012693927
Trà Bùi,Trà Bồng,2800.0000216485932
Trà Tân,Trà Bồng,1199.999979819404
Sơn Thủy,Sơn Hà,4400.000001499429
Trà Tân,Trà Bồng,4000.000049209921
Sơn Thủy,Sơn Hà,1999.999997987179
Sơn Thủy,Sơn Hà,5200.000026829075
Sơn Thành,Sơn Hà,1599.999990419019
Sơn Thành,Sơn Hà,3200.000008867355
Sơn Thủy,Sơn Hà,9999.99997781706
Sơn Thành,Sơn Hà,1600.0000193552114
Sơn Ba,Sơn Hà,3200.0000195158646
Sơn Hải,Sơn Hà,2800.0000126007944
Sơn Thủy,Sơn Hà,1600.0000219070353
Trà Bùi,Trà Bồng,2799.9999978009146
Sơn Kỳ,Sơn Hà,1999.9999773257878
Sơn Thủy,Sơn Hà,2400.000005783513
Sơn Hải,Sơn Hà,3200.0000020163134
Sơn Ba,Sơn Hà,1199.9999997927807
Sơn Kỳ,Sơn Hà,1999.9999997287523
Sơn Thủy,Sơn Hà,3999.9999647028744
Trà Thủy,Trà Bồng,1599.999981741421
Sơn Kỳ,Sơn Hà,5600.000018234132
Sơn Kỳ,Sơn Hà,5999.999972168589
Sơn Hải,Sơn Hà,6000.000024561305
Sơn Hải,Sơn Hà,3199.999981140718
Sơn Thành,Sơn Hà,1200.0000172981527
Trà Sơn,Trà Bồng,5600.000004001195
Sơn Kỳ,Sơn Hà,6399.99998457497
Sơn Hải,Sơn Hà,1199.9999744526576
Sơn Hải,Sơn Hà,1999.999998037238
Sơn Thành,Sơn Hà,1200.0000136811286
Sơn Thủy,Sơn Hà,2800.000010577496
Sơn Hải,Sơn Hà,1199.9999837938233
Sơn Ba,Sơn Hà,2800.0000098964665
Sơn Thủy,Sơn Hà,2800.000005683396
Sơn Thủy,Sơn Hà,3200.000063512707
Trà Tân,Trà Bồng,15600.000078314915
Ba Xa,Ba Tơ,6799.999974480597
Sơn Kỳ,Sơn Hà,2799.999982410809
Sơn Thủy,Sơn Hà,3200.000014884863
Sơn Hải,Sơn Hà,3600.00001686858
Sơn Thủy,Sơn Hà,1599.9999992060475
Sơn Ba,Sơn Hà,2799.9999887496233
Sơn Ba,Sơn Hà,1999.9999888450836
Sơn Kỳ,Sơn Hà,1999.9999786028638
Sơn Thành,Sơn Hà,2799.9999909242615
Trà Bùi,Trà Bồng,5199.999996400438
Sơn Thành,Sơn Hà,1200.0000262609683
Sơn Ba,Sơn Hà,2800.000019839499
Sơn Thủy,Sơn Hà,4000.000024930341
Sơn Thủy,Sơn Hà,1600.000018590363
Sơn Thủy,Sơn Hà,3199.999996916158
Trà Sơn,Trà Bồng,2000.0000303436539
Sơn Kỳ,Sơn Hà,1200.0000009464566
Sơn Thủy,Sơn Hà,1600.0000054924747
Sơn Thành,Sơn Hà,1599.9999923841096
Sơn Kỳ,Sơn Hà,4000.000015285332
Sơn Kỳ,Sơn Hà,6800.000012104865
Sơn Thành,Sơn Hà,1199.9999976810068
Sơn Hải,Sơn Hà,3600.000047711656
Sơn Thành,Sơn Hà,5199.9999919801485
Sơn Thành,Sơn Hà,2799.9999879347156
Sơn Thủy,Sơn Hà,1200.0000219291544
Ba Xa,Ba Tơ,1199.9999884958381
Sơn Kỳ,Sơn Hà,1999.9999905016734
Sơn Thủy,Sơn Hà,7200.000046622008
Trà Tân,Trà Bồng,3199.999997811392
Ba Xa,Ba Tơ,9199.999997231644
Sơn Kỳ,Sơn Hà,2000.000034373952
Ba Xa,Ba Tơ,1600.0000097160228
Sơn Kỳ,Sơn Hà,11199.999972863588
Sơn Giang,Sơn Hà,4399.9999752722215
Trà Tân,Trà Bồng,48400.00001956825
Sơn Thành,Sơn Hà,4800.000019187573
Sơn Thủy,Sơn Hà,2799.999988586642
Trà Tân,Trà Bồng,1599.999991437653
Sơn Ba,Sơn Hà,1999.999975777464
Sơn Ba,Sơn Hà,1999.9999944737644
Trà Bùi,Trà Bồng,3999.999964630697
Sơn Kỳ,Sơn Hà,6400.000041180756
Sơn Kỳ,Sơn Hà,2799.9999976996332
Trà Tân,Trà Bồng,1199.9999896017835
Sơn Thành,Sơn Hà,6399.999964649323
Trà Tân,Trà Bồng,1600.0000429840293
Ba Xa,Ba Tơ,4399.999968663324
Sơn Giang,Sơn Hà,1200.000003710156
Sơn Ba,Sơn Hà,1199.9999998684507
Trà Tân,Trà Bồng,5200.000028940849
Sơn Kỳ,Sơn Hà,2399.9999682453927
Sơn Thủy,Sơn Hà,5200.000007674098
Trà Tân,Trà Bồng,1999.9999907240272
Ba Xa,Ba Tơ,1200.0000141258352
Ba Xa,Ba Tơ,5600.000010794029
Sơn Thủy,Sơn Hà,3999.9999806308188
Trà Tân,Trà Bồng,34799.99997964245
Ba Xa,Ba Tơ,1200.000014018733
Sơn Hải,Sơn Hà,1600.0000086054206
Sơn Thành,Sơn Hà,6000.000015010592
Trà Tân,Trà Bồng,7199.999991657678
Sơn Ba,Sơn Hà,2799.9999932735227
Trà Tân,Trà Bồng,10399.99999989639
Ba Xa,Ba Tơ,2799.999977633124
Sơn Hải,Sơn Hà,5200.000007491326
Sơn Hải,Sơn Hà,4400.000006704359
Sơn Ba,Sơn Hà,2800.0000288535375
Sơn Kỳ,Sơn Hà,5600.000007941853
Trà Bùi,Trà Bồng,1200.0000037718562
Trà Bùi,Trà Bồng,5999.999929044862
Trà Bùi,Trà Bồng,5999.999982329318
Ba Xa,Ba Tơ,2400.0000069267116
Ba Xa,Ba Tơ,1600.000016919803
Sơn Hải,Sơn Hà,5599.999955472304
Sơn Hải,Sơn Hà,13599.999993680976
Sơn Thành,Sơn Hà,1199.9999944597948
Trà Tân,Trà Bồng,5200.000030047959
Trà Sơn,Trà Bồng,1199.9999960069545
Sơn Ba,Sơn Hà,4000.0000246521086
Trà Bùi,Trà Bồng,1599.999982204754
Trà Tân,Trà Bồng,4399.999988174532
Sơn Ba,Sơn Hà,7599.9999859626405
Sơn Ba,Sơn Hà,5599.999980600551
Sơn Thủy,Sơn Hà,2399.9999885412403
Ba Xa,Ba Tơ,1199.9999941524584
Ba Xa,Ba Tơ,3600.000009270152
Sơn Ba,Sơn Hà,1199.9999985739123
Sơn Kỳ,Sơn Hà,8000.000047236681
Trà Bùi,Trà Bồng,7200.000040127197
Sơn Hải,Sơn Hà,1600.000020507723
Sơn Ba,Sơn Hà,1600.000004938338
Sơn Thành,Sơn Hà,5599.999992366647
Sơn Kỳ,Sơn Hà,4399.999993215315
Sơn Hải,Sơn Hà,1600.0000204413664
Trà Bùi,Trà Bồng,6800.000007585622
Trà Bùi,Trà Bồng,1200.0000128790268
Sơn Ba,Sơn Hà,3599.9999886809383
Sơn Ba,Sơn Hà,4799.999978838023
Sơn Giang,Sơn Hà,3199.999980205903
Sơn Thành,Sơn Hà,1200.0000162702054
Sơn Ba,Sơn Hà,2800.0000205333345
Sơn Kỳ,Sơn Hà,2800.0000014540274
Sơn Thủy,Sơn Hà,1600.000027944334
Sơn Ba,Sơn Hà,1599.9999960197601
Sơn Thành,Sơn Hà,2400.000012802193
Sơn Kỳ,Sơn Hà,2799.9999826785647
Sơn Kỳ,Sơn Hà,1999.9999801744705
Sơn Kỳ,Sơn Hà,2400.00000229571
Trà Bùi,Trà Bồng,4400.000036584679
Sơn Kỳ,Sơn Hà,2800.0000034912955
Sơn Thành,Sơn Hà,4799.99999752501
Trà Bùi,Trà Bồng,6799.999999789288
Trà Bùi,Trà Bồng,23200.000043859472
Sơn Kỳ,Sơn Hà,2400.0000137393363
Sơn Thành,Sơn Hà,1999.9999896367078
Ba Xa,Ba Tơ,7999.99990975135
Sơn Kỳ,Sơn Hà,9199.99999980093
Ba Xa,Ba Tơ,1199.9999980453867
Sơn Hải,Sơn Hà,8800.000013633398
Trà Bùi,Trà Bồng,11600.00001922599
Sơn Ba,Sơn Hà,1200.0000227265991
Sơn Kỳ,Sơn Hà,1600.0000050547533
Sơn Kỳ,Sơn Hà,2000.0000000058208
Sơn Kỳ,Sơn Hà,3600.0000289361924
Sơn Kỳ,Sơn Hà,1599.9999995972028
Ba Xa,Ba Tơ,1600.000009358628
Ba Xa,Ba Tơ,2399.999992228113
Ba Vì,Ba Tơ,2799.999993123347
Sơn Ba,Sơn Hà,1999.999993913807
Sơn Kỳ,Sơn Hà,11600.000018930295
Sơn Kỳ,Sơn Hà,4399.99999454245
Trà Bùi,Trà Bồng,1999.9999721010681
Sơn Ba,Sơn Hà,5600.000041609164
Sơn Ba,Sơn Hà,2400.000028323848
Sơn Kỳ,Sơn Hà,3199.9999850569293
Ba Xa,Ba Tơ,1999.9999586399645
Sơn Kỳ,Sơn Hà,2399.9999985145405
Trà Bùi,Trà Bồng,9999.99996248749
Sơn Thành,Sơn Hà,10800.00003352412
Sơn Giang,Sơn Hà,4400.000021773158
Sơn Thành,Sơn Hà,4400.000014107209
Trà Bùi,Trà Bồng,1200.0000000116415
Sơn Ba,Sơn Hà,2000.0000073504634
Sơn Cao,Sơn Hà,16400.000012957025
Sơn Cao,Sơn Hà,4000.000009094365
Sơn Thành,Sơn Hà,1200.000042220345
Trà Bùi,Trà Bồng,2799.999992552912
Ba Xa,Ba Tơ,1599.9999773746822
Ba Ngạc,Ba Tơ,1200.000008040806
Sơn Ba,Sơn Hà,1199.9999749369454
Trà Bùi,Trà Bồng,4400.000021158485
Trà Bùi,Trà Bồng,8000.00002082088
Ba Xa,Ba Tơ,1999.9999842164107
Ba Xa,Ba Tơ,2799.9999414931517
Sơn Cao,Sơn Hà,2000.000042758184
Sơn Kỳ,Sơn Hà,4800.000003820751
Trà Sơn,Trà Bồng,4800.0000192876905
Sơn Cao,Sơn Hà,3199.999998791609
Sơn Thành,Sơn Hà,4799.999984222231
Sơn Thủy,Sơn Hà,7600.000040242448
Sơn Cao,Sơn Hà,3600.0000238069333
Trà Bùi,Trà Bồng,2799.9999773129825
Ba Xa,Ba Tơ,20800.000013164245
Ba Xa,Ba Tơ,11200.000005414477
Ba Ngạc,Ba Tơ,2399.9999619158916
Sơn Ba,Sơn Hà,5999.999973709928
Trà Bùi,Trà Bồng,3199.9999911291525
Sơn Ba,Sơn Hà,2800.0000030349474
Sơn Thành,Sơn Hà,1599.9999979103447
Sơn Hạ,Sơn Hà,4400.000032400712
Trà Sơn,Trà Bồng,1200.0000305543656
Sơn Thủy,Sơn Hà,3999.9999536911496
Sơn Thủy,Sơn Hà,1200.0000148115212
Sơn Thủy,Sơn Hà,1199.9999945843592
Sơn Thành,Sơn Hà,1200.0000115437433
Trà Sơn,Trà Bồng,1200.000003101304
Ba Xa,Ba Tơ,3200.000003186288
Sơn Cao,Sơn Hà,4799.999988359632
Sơn Cao,Sơn Hà,2000.0000104948413
Trà Bùi,Trà Bồng,4799.999978918349
Sơn Ba,Sơn Hà,3199.9999586236663
Sơn Cao,Sơn Hà,2399.9999957950786
Sơn Thành,Sơn Hà,1199.999972593505
Sơn Thành,Sơn Hà,2400.0000083690975
Trà Bùi,Trà Bồng,9200.0000723626
Sơn Cao,Sơn Hà,1199.999994833488
Sơn Cao,Sơn Hà,1199.9999739590567
Trà Bùi,Trà Bồng,2400.000012712553
Sơn Ba,Sơn Hà,1599.9999983422456
Trà Bùi,Trà Bồng,1599.999994477257
Ba Xa,Ba Tơ,13599.999954048544
Ba Xa,Ba Tơ,2799.9999913387
Sơn Cao,Sơn Hà,5200.0000045623165
Trà Bùi,Trà Bồng,2400.000019944273
Sơn Ba,Sơn Hà,1200.0000186031687
Sơn Kỳ,Sơn Hà,2800.0000233866745
Sơn Thủy,Sơn Hà,1599.9999982165175
Sơn Thủy,Sơn Hà,3999.999964346644
Sơn Cao,Sơn Hà,4000.0000243098475
Sơn Ba,Sơn Hà,1200.0000058184378
Sơn Thủy,Sơn Hà,2799.999975208193
Sơn Cao,Sơn Hà,1599.9999785237014
Trà Tân,Trà Bồng,1600.000015120022
Sơn Ba,Sơn Hà,1199.9999887193553
Trà Bùi,Trà Bồng,2799.9999916250817
Trà Bùi,Trà Bồng,35199.99998296145
Sơn Ba,Sơn Hà,6000.000030638184
Sơn Cao,Sơn Hà,1600.000001128065
Sơn Ba,Sơn Hà,1600.0000256230123
Ba Xa,Ba Tơ,1200.000004026806
Sơn Thủy,Sơn Hà,1600.0000093108974
Sơn Cao,Sơn Hà,6000.000007704366
Sơn Cao,Sơn Hà,1200.000001845183
Sơn Thành,Sơn Hà,3199.9999834701885
Sơn Ba,Sơn Hà,2400.000023370376
Sơn Cao,Sơn Hà,4400.000043984037
Trà Bùi,Trà Bồng,2399.9999981420115
Sơn Ba,Sơn Hà,2400.0000458187424
Sơn Thủy,Sơn Hà,1599.9999916937668
Sơn Cao,Sơn Hà,3599.9999802501407
Sơn Kỳ,Sơn Hà,2399.999968330376
Sơn Thủy,Sơn Hà,8800.00003641937
Sơn Thủy,Sơn Hà,1599.9999926786402
Sơn Thủy,Sơn Hà,1599.9999982316513
Trà Tân,Trà Bồng,2399.999998009298
Ba Tiêu,Ba Tơ,1599.9999980302528
Sơn Thủy,Sơn Hà,2399.99999575899
Sơn Thủy,Sơn Hà,1600.000015491387
Ba Tiêu,Ba Tơ,2399.999988381751
Ba Ngạc,Ba Tơ,2399.999967814656
Sơn Cao,Sơn Hà,1599.999987562187
Ba Xa,Ba Tơ,1999.9999914318325
Ba Ngạc,Ba Tơ,1999.9999891361222
Sơn Ba,Sơn Hà,1600.0000007031483
Sơn Kỳ,Sơn Hà,2399.999982662266
Sơn Cao,Sơn Hà,9600.00000725966
Sơn Cao,Sơn Hà,6799.999976517865
Trà Bùi,Trà Bồng,4000.0000195379835
Trà Tân,Trà Bồng,4800.000019273721
Sơn Cao,Sơn Hà,1600.000009420328
Sơn Kỳ,Sơn Hà,1999.9999902758282
Sơn Thành,Sơn Hà,1200.000026669586
Ba Xa,Ba Tơ,1999.9999930220654
Sơn Thủy,Sơn Hà,1199.9999983713499
Sơn Thủy,Sơn Hà,1999.9999896786176
Trà Thủy,Trà Bồng,1600.0000062421896
Ba Vì,Ba Tơ,2800.0000080047175
Sơn Thủy,Sơn Hà,1200.0000181840733
Ba Tiêu,Ba Tơ,1200.000000281725
Ba Tiêu,Ba Tơ,3200.000006268966
Ba Tiêu,Ba Tơ,5599.999972123187
Sơn Thủy,Sơn Hà,4000.000023159664
Sơn Cao,Sơn Hà,3600.000023682369
Sơn Cao,Sơn Hà,3200.000001703156
Sơn Cao,Sơn Hà,1200.0000092561822
Trà Thủy,Trà Bồng,1599.9999954318625
Ba Tiêu,Ba Tơ,6800.000050716335
Ba Tiêu,Ba Tơ,24399.9999439565
Sơn Kỳ,Sơn Hà,3599.9999785388354
Trà Tân,Trà Bồng,5600.000012983801
Sơn Cao,Sơn Hà,6800.000007275958
Trà Bùi,Trà Bồng,1600.0000239780638
Sơn Kỳ,Sơn Hà,1999.9999977916013
Sơn Cao,Sơn Hà,10000.000062157633
Trà Sơn,Trà Bồng,1199.9999700265473
Sơn Kỳ,Sơn Hà,2800.000004596077
Sơn Kỳ,Sơn Hà,1199.9999917135574
Ba Xa,Ba Tơ,1199.9999818904325
Ba Tiêu,Ba Tơ,2799.9999794061296
Sơn Thủy,Sơn Hà,1200.0000097695738
Sơn Cao,Sơn Hà,2799.9999701674096
Sơn Cao,Sơn Hà,3600.0000155565795
Sơn Cao,Sơn Hà,14000.000008582138
Sơn Giang,Sơn Hà,2799.9999779695645
Sơn Hạ,Sơn Hà,2799.999987484189
Ba Xa,Ba Tơ,3600.0000565499067
Sơn Ba,Sơn Hà,1200.000015660189
Sơn Cao,Sơn Hà,5999.9999959010165
Sơn Cao,Sơn Hà,1600.0000156788155
Sơn Kỳ,Sơn Hà,4799.999998644926
Sơn Cao,Sơn Hà,1200.000020598527
Sơn Thành,Sơn Hà,1999.9999819847292
Sơn Thành,Sơn Hà,1600.0000021676533
Trà Bùi,Trà Bồng,6800.00004198635
Ba Vì,Ba Tơ,1200.0000220362563
Sơn Kỳ,Sơn Hà,2000.0000164750968
Sơn Cao,Sơn Hà,2000.0000402668952
Sơn Cao,Sơn Hà,1200.0000090443061
Trà Sơn,Trà Bồng,1200.00001435983
Ba Xa,Ba Tơ,1599.9999861838296
Ba Tiêu,Ba Tơ,3999.999988239724
Trà Sơn,Trà Bồng,16399.999961327994
Ba Xa,Ba Tơ,11200.00001791399
Ba Ngạc,Ba Tơ,2800.0000256090425
Sơn Kỳ,Sơn Hà,1600.0000143249054
Sơn Kỳ,Sơn Hà,2400.000024556648
Sơn Cao,Sơn Hà,14000.00001143082
Sơn Hạ,Sơn Hà,5599.999980061548
Ba Tiêu,Ba Tơ,3999.999986216426
Ba Ngạc,Ba Tơ,3599.9999947613105
Sơn Thủy,Sơn Hà,5600.00000493601
Sơn Cao,Sơn Hà,2400.000008941861
Sơn Cao,Sơn Hà,2799.9999797774944
Ba Xa,Ba Tơ,5199.99998211395
Ba Xa,Ba Tơ,1599.9999720859341
Ba Ngạc,Ba Tơ,2000.0000067881774
Ba Tiêu,Ba Tơ,11199.999967113836
Sơn Kỳ,Sơn Hà,2799.999982548179
Sơn Giang,Sơn Hà,3599.999985145405
Ba Xa,Ba Tơ,5600.000002118759
Sơn Cao,Sơn Hà,4799.9999854993075
Ba Ngạc,Ba Tơ,1600.0000165193344
Sơn Cao,Sơn Hà,2399.9999879451934
Ba Xa,Ba Tơ,2000.000004862668
Ba Xa,Ba Tơ,1599.9999732547442
Sơn Cao,Sơn Hà,2399.9999837763608
Ba Xa,Ba Tơ,1199.9999918066894
Ba Xa,Ba Tơ,23599.999984944006
Sơn Cao,Sơn Hà,23600.000045845518
Sơn Giang,Sơn Hà,2799.999998417916
Trà Sơn,Trà Bồng,2399.999991314253
Trà Thủy,Trà Bồng,3600.000019762665
Sơn Kỳ,Sơn Hà,1199.9999826902058
Ba Ngạc,Ba Tơ,1999.9999881943222
Sơn Giang,Sơn Hà,10000.000023690518
Sơn Hạ,Sơn Hà,2399.9999997531995
Ba Tiêu,Ba Tơ,2000.0000022165477
Ba Ngạc,Ba Tơ,1999.9999830604065
Sơn Ba,Sơn Hà,1600.0000009546056
Ba Tiêu,Ba Tơ,3200.0000238546636
Sơn Thủy,Sơn Hà,2000.0000199722126
Sơn Thủy,Sơn Hà,1599.9999863444827
Sơn Kỳ,Sơn Hà,1999.9999841232786
Trà Tân,Trà Bồng,5600.000036917627
Ba Ngạc,Ba Tơ,2400.0000145589
Sơn Kỳ,Sơn Hà,1600.0000021082815
Sơn Cao,Sơn Hà,3199.9999763246155
Ba Vì,Ba Tơ,12800.000042967731
Sơn Thành,Sơn Hà,13199.999985884642
Sơn Ba,Sơn Hà,1199.9999979115091
Sơn Kỳ,Sơn Hà,2000.0000102550255
Trà Thủy,Trà Bồng,3999.999981704168
Ba Tiêu,Ba Tơ,5200.000006572809
Sơn Cao,Sơn Hà,2800.0000142492354
Trà Tân,Trà Bồng,7200.000024780165
Sơn Cao,Sơn Hà,28400.000042556785
Trà Tân,Trà Bồng,1199.9999717064202
Ba Tiêu,Ba Tơ,6400.000029676594
Trà Sơn,Trà Bồng,11999.999976523686
Ba Tiêu,Ba Tơ,5200.000013855752
Ba Ngạc,Ba Tơ,1199.9999576725531
Sơn Ba,Sơn Hà,2000.0000053981785
Sơn Thủy,Sơn Hà,3600.0000001769513
Sơn Thủy,Sơn Hà,2800.0000051874667
Sơn Thành,Sơn Hà,2400.000011776574
Trà Giang,Trà Bồng,1199.9999780452345
Ba Ngạc,Ba Tơ,3600.0000398652624
Ba Ngạc,Ba Tơ,1600.0000010814983
Trà Thủy,Trà Bồng,1599.9999912106432
Sơn Kỳ,Sơn Hà,1200.0000411458316
Trà Sơn,Trà Bồng,1199.9999913398642
Sơn Thủy,Sơn Hà,2800.0000315706716
Trà Tân,Trà Bồng,2400.0000153528526
Trà Sơn,Trà Bồng,1999.999979119748
Ba Ngạc,Ba Tơ,1200.0000010454098
Sơn Kỳ,Sơn Hà,3599.9999731534626
Sơn Giang,Sơn Hà,8399.999998532003
Sơn Ba,Sơn Hà,3200.0000037054997
Sơn Cao,Sơn Hà,2800.000033690594
Ba Xa,Ba Tơ,5200.0000410026405
Sơn Giang,Sơn Hà,1600.000015621772
Ba Xa,Ba Tơ,10800.00001425622
Sơn Ba,Sơn Hà,1999.9999872222538
Ba Ngạc,Ba Tơ,1999.9999660474716
Ba Ngạc,Ba Tơ,10000.000015354017
Ba Tiêu,Ba Tơ,5999.999994614627
Sơn Cao,Sơn Hà,5200.000009789364
Ba Xa,Ba Tơ,2000.0000273494513
Ba Vì,Ba Tơ,1199.999992547091
Ba Tiêu,Ba Tơ,13599.99997105333
Sơn Kỳ,Sơn Hà,3599.9999868439045
Ba Xa,Ba Tơ,5599.999991771765
Ba Xa,Ba Tơ,11600.000052266987
Sơn Kỳ,Sơn Hà,1199.999986072071
Sơn Hạ,Sơn Hà,5999.9999374873005
Ba Vì,Ba Tơ,1600.0000148406252
Sơn Kỳ,Sơn Hà,1600.0000066019131
Sơn Kỳ,Sơn Hà,1600.0000140687919
Sơn Cao,Sơn Hà,1200.000013366807
Sơn Hạ,Sơn Hà,2000.0000579678456
Ba Vì,Ba Tơ,1999.9999912932985
Sơn Kỳ,Sơn Hà,11999.9999659264
Sơn Ba,Sơn Hà,2000.0000030256342
Trà Tân,Trà Bồng,1599.9999705422672
Sơn Kỳ,Sơn Hà,3600.0000404240564
Sơn Thủy,Sơn Hà,1999.9999847798608
Sơn Cao,Sơn Hà,1199.9999726680107
Sơn Cao,Sơn Hà,6000.000022681197
Sơn Hạ,Sơn Hà,5599.999992575031
Trà Bùi,Trà Bồng,4399.99998395564
Ba Tiêu,Ba Tơ,6800.000009582145
Sơn Thành,Sơn Hà,1999.9999916250817
Trà Thủy,Trà Bồng,2399.999997422565
Sơn Kỳ,Sơn Hà,2400.0000138930045
Sơn Thành,Sơn Hà,1999.9999786633998
Trà Tân,Trà Bồng,2399.9999846110586
Ba Tiêu,Ba Tơ,7199.99995500315
Sơn Kỳ,Sơn Hà,1199.9999829998708
Sơn Thành,Sơn Hà,26000.000063891057
Ba Tiêu,Ba Tơ,8800.000062410254
Ba Ngạc,Ba Tơ,1600.0000076158904
Sơn Kỳ,Sơn Hà,2400.00000439235
Sơn Thành,Sơn Hà,1999.9999784689862
Sơn Thành,Sơn Hà,1600.0000004970934
Sơn Kỳ,Sơn Hà,2400.000013636891
Sơn Kỳ,Sơn Hà,3200.0000231398735
Ba Xa,Ba Tơ,2399.999997774139
Sơn Ba,Sơn Hà,5600.0000283902045
Ba Xa,Ba Tơ,9599.999993436504
Ba Ngạc,Ba Tơ,1199.9999949813355
Ba Xa,Ba Tơ,1200.0000007462222
Trà Sơn,Trà Bồng,4799.999989353819
Trà Sơn,Trà Bồng,1600.0000189128332
Sơn Kỳ,Sơn Hà,2400.000008904608
Sơn Kỳ,Sơn Hà,5599.999966700561
Sơn Thành,Sơn Hà,4799.999955892563
Ba Xa,Ba Tơ,5199.999960755231
Ba Xa,Ba Tơ,1199.9999987334013
Ba Tiêu,Ba Tơ,1599.999992175726
Trà Tân,Trà Bồng,1599.9999882141128
Trà Sơn,Trà Bồng,3599.9999786517583
Ba Xa,Ba Tơ,1600.0000057555735
Ba Vì,Ba Tơ,4799.999993026722
Sơn Cao,Sơn Hà,4000.0000314833596
Sơn Thành,Sơn Hà,4400.000037436838
Trà Tân,Trà Bồng,47200.00001611537
Ba Tiêu,Ba Tơ,6000.000031135278
Ba Tiêu,Ba Tơ,7200.000018107239
Sơn Cao,Sơn Hà,1200.0000059721058
Trà Sơn,Trà Bồng,4399.999959584093
Sơn Kỳ,Sơn Hà,1200.0000404811003
Trà Tân,Trà Bồng,6400.000006571645
Trà Sơn,Trà Bồng,1200.0000135123262
Trà Sơn,Trà Bồng,4799.999980331631
Ba Ngạc,Ba Tơ,1199.9999896553345
Sơn Ba,Sơn Hà,1999.9999801581725
Sơn Kỳ,Sơn Hà,1999.9999919277616
Sơn Cao,Sơn Hà,3200.0000029732473
Ba Xa,Ba Tơ,6000.0000418082345
Ba Xa,Ba Tơ,5200.00000627595
Ba Vì,Ba Tơ,5599.999999911524
Sơn Cao,Sơn Hà,1200.0000305427238
Sơn Cao,Sơn Hà,3199.9999766796827
Ba Xa,Ba Tơ,1600.00001440756
Sơn Kỳ,Sơn Hà,5200.000035514822
Sơn Kỳ,Sơn Hà,2000.0000178080518
Ba Xa,Ba Tơ,1999.9999992758967
Ba Xa,Ba Tơ,1200.000000210712
Sơn Kỳ,Sơn Hà,1600.0000086054206
Ba Tiêu,Ba Tơ,1999.9999962910076
Sơn Giang,Sơn Hà,6000.0000038486905
Ba Xa,Ba Tơ,2400.0000083749183
Ba Tiêu,Ba Tơ,2399.9999651906546
Ba Tiêu,Ba Tơ,3600.0000141293276
Ba Ngạc,Ba Tơ,1199.9999873188788
Sơn Kỳ,Sơn Hà,1200.0000070699025
Sơn Kỳ,Sơn Hà,5599.9999786156695
Trà Sơn,Trà Bồng,6799.999960195273
Ba Xa,Ba Tơ,1200.0000042351894
Sơn Ba,Sơn Hà,3199.9999887426384
Sơn Hạ,Sơn Hà,1600.0000136974268
Ba Vì,Ba Tơ,3600.0000326370355
Ba Vì,Ba Tơ,3599.999978132546
Sơn Kỳ,Sơn Hà,1199.9999994784594
Ba Tiêu,Ba Tơ,2000.000016511185
Sơn Kỳ,Sơn Hà,2000.0000061455646
Sơn Kỳ,Sơn Hà,2399.9999979615677
Ba Tiêu,Ba Tơ,1600.0000038847793
Ba Tiêu,Ba Tơ,2000.0000144401567
Sơn Ba,Sơn Hà,1999.9999945645686
Sơn Ba,Sơn Hà,1200.0000061606988
Ba Xa,Ba Tơ,1199.999997697305
Sơn Cao,Sơn Hà,2400.000000745058
Trà Tân,Trà Bồng,4399.999964889139
Ba Xa,Ba Tơ,1199.9999906367157
Sơn Cao,Sơn Hà,1200.00002004439
Trà Bùi,Trà Bồng,1200.0000107439696
Sơn Ba,Sơn Hà,1599.9999756680336
Sơn Kỳ,Sơn Hà,5599.999960059067
Sơn Giang,Sơn Hà,7200.000059362501
Ba Xa,Ba Tơ,18800.000003927853
Ba Xa,Ba Tơ,3200.000027441419
Ba Vì,Ba Tơ,5599.999988714699
Sơn Kỳ,Sơn Hà,3200.000000373693
Sơn Giang,Sơn Hà,4399.999992254889
Ba Tiêu,Ba Tơ,1600.0000008172353
Sơn Kỳ,Sơn Hà,2399.9999853316694
Ba Xa,Ba Tơ,1199.9999911419582
Ba Ngạc,Ba Tơ,3600.0000129512046
Sơn Cao,Sơn Hà,1199.9999654188287
Sơn Cao,Sơn Hà,7199.999999823049
Trà Tân,Trà Bồng,1200.0000166730024
Ba Xa,Ba Tơ,16800.000001665903
Ba Xa,Ba Tơ,3599.999998785788
Ba Ngạc,Ba Tơ,4800.000003717141
Sơn Cao,Sơn Hà,2399.9999931256752
Ba Tiêu,Ba Tơ,7200.000014865072
Sơn Kỳ,Sơn Hà,2000.0000099872705
Trà Sơn,Trà Bồng,1199.9999914353248
Trà Phú,Trà Bồng,2399.9999889719766
Sơn Ba,Sơn Hà,3200.0000079523306
Sơn Giang,Sơn Hà,2400.0000166974496
Sơn Kỳ,Sơn Hà,1600.0000065169295
Sơn Cao,Sơn Hà,1199.9999929545447
Sơn Cao,Sơn Hà,3199.9999655014835
Sơn Cao,Sơn Hà,1200.0000074307902
Ba Tiêu,Ba Tơ,3999.9999512941577
Sơn Kỳ,Sơn Hà,1199.999995821854
Sơn Linh,Sơn Hà,1200.000016265549
Ba Xa,Ba Tơ,1199.9999969359487
Ba Tiêu,Ba Tơ,2800.0000231189188
Ba Tiêu,Ba Tơ,1599.999980921857
Sơn Kỳ,Sơn Hà,1199.999977577245
Sơn Cao,Sơn Hà,3600.0000242295205
Ba Xa,Ba Tơ,2000.0000137952156
Sơn Cao,Sơn Hà,16399.999953570077
Sơn Giang,Sơn Hà,5199.999996408587
Sơn Thành,Sơn Hà,3199.999975564424
Trà Sơn,Trà Bồng,4800.000034142286
Ba Tiêu,Ba Tơ,2000.0000048219226
Sơn Kỳ,Sơn Hà,1999.9999847519216
Sơn Cao,Sơn Hà,2000.000038429862
Sơn Cao,Sơn Hà,1599.9999957543332
Sơn Cao,Sơn Hà,82799.99993144185
Sơn Cao,Sơn Hà,1199.9999809521253
Sơn Giang,Sơn Hà,5200.000039719744
Trà Tân,Trà Bồng,1600.0000345800074
Trà Tân,Trà Bồng,1600.0000199698843
Sơn Ba,Sơn Hà,1599.9999847216532
Sơn Kỳ,Sơn Hà,2399.9999983410817
Ba Tiêu,Ba Tơ,7999.999969057972
Ba Tiêu,Ba Tơ,3199.999969978817
Sơn Cao,Sơn Hà,3599.999998714775
Ba Tiêu,Ba Tơ,1599.999967791373
Trà Tân,Trà Bồng,1999.999985784525
Trà Tân,Trà Bồng,7199.99998691841
Sơn Kỳ,Sơn Hà,8399.999945653835
Sơn Cao,Sơn Hà,7600.000008624047
Sơn Linh,Sơn Hà,1199.9999752501026
Sơn Thành,Sơn Hà,13599.999946382595
Trà Sơn,Trà Bồng,16399.99999800697
Trà Sơn,Trà Bồng,3599.9999895249493
Ba Ngạc,Ba Tơ,1200.000017154962
Sơn Ba,Sơn Hà,1200.0000143703073
Sơn Cao,Sơn Hà,2400.0000212178566
Trà Tân,Trà Bồng,1999.9999963724986
Trà Tân,Trà Bồng,2000.000011200318
Sơn Kỳ,Sơn Hà,3200.000010211952
Sơn Kỳ,Sơn Hà,3600.0000154948793
Sơn Cao,Sơn Hà,6799.999957467662
Trà Tân,Trà Bồng,1199.999999634456
Ba Tiêu,Ba Tơ,1200.0000241945963
Sơn Kỳ,Sơn Hà,1600.000030556694
Sơn Kỳ,Sơn Hà,1200.000010797521
Sơn Cao,Sơn Hà,2799.9999942968134
Sơn Cao,Sơn Hà,3599.999976766994
Ba Ngạc,Ba Tơ,2399.9999881954864
Ba Ngạc,Ba Tơ,1199.9999955738895
Trà Tân,Trà Bồng,2000.0000076787546
Sơn Cao,Sơn Hà,1600.0000169523994
Sơn Cao,Sơn Hà,2399.9999877787195
Trà Bùi,Trà Bồng,1599.9999785306863
Trà Tân,Trà Bồng,2799.999958181288
Ba Tiêu,Ba Tơ,2799.9999921012204
Sơn Cao,Sơn Hà,16800.00001178938
Trà Sơn,Trà Bồng,2000.0000114389693
Sơn Kỳ,Sơn Hà,1199.9999955797102
Trà Sơn,Trà Bồng,9599.99999047257
Ba Xa,Ba Tơ,3999.9999848520383
Sơn Kỳ,Sơn Hà,1199.999962624861
Trà Tân,Trà Bồng,4800.000034904806
Ba Tiêu,Ba Tơ,3999.9999818881042
Ba Ngạc,Ba Tơ,1200.0000062247273
Sơn Kỳ,Sơn Hà,2399.9999767926056
Sơn Cao,Sơn Hà,1199.9999701126947
Sơn Giang,Sơn Hà,1600.0000143237412
Ba Tiêu,Ba Tơ,3600.0000071839895
Ba Tiêu,Ba Tơ,34799.99992254772
Trà Sơn,Trà Bồng,2800.0000096287113
Ba Tiêu,Ba Tơ,2799.999994423706
Sơn Cao,Sơn Hà,1200.0000033411197
Sơn Giang,Sơn Hà,1200.0000107765663
Ba Tiêu,Ba Tơ,21600.000041306484
Sơn Kỳ,Sơn Hà,1599.9999600171577
Trà Thủy,Trà Bồng,5199.999974981183
Ba Xa,Ba Tơ,2399.9999998451676
Ba Ngạc,Ba Tơ,2400.000033910619
Sơn Kỳ,Sơn Hà,4000.000038492726
Sơn Giang,Sơn Hà,2400.000012132805
Sơn Giang,Sơn Hà,1200.0000108906534
Ba Xa,Ba Tơ,7199.999963702867
Ba Xa,Ba Tơ,10399.999980899738
Ba Tiêu,Ba Tơ,5200.0000145542435
Sơn Giang,Sơn Hà,1600.000008167699
Sơn Hạ,Sơn Hà,1599.9999967287295
Sơn Kỳ,Sơn Hà,1200.00001589302
Sơn Cao,Sơn Hà,4800.000018896535
Ba Xa,Ba Tơ,5600.000006747432
Ba Xa,Ba Tơ,1200.0000088580416
Sơn Kỳ,Sơn Hà,2000.000005870825
Sơn Linh,Sơn Hà,1599.999985625036
Ba Xa,Ba Tơ,16400.00005107373
Ba Xa,Ba Tơ,28400.00003905967
Ba Xa,Ba Tơ,22800.000043630134
Sơn Kỳ,Sơn Hà,3599.9999976193067
Sơn Linh,Sơn Hà,1600.000013986136
Trà Tân,Trà Bồng,2000.0000303029083
Sơn Kỳ,Sơn Hà,1199.999995712424
Sơn Cao,Sơn Hà,2000.0000201503283
Ba Xa,Ba Tơ,53599.999999998836
Ba Xa,Ba Tơ,3600.000010470394
Sơn Giang,Sơn Hà,4000.0000012142114
Ba Xa,Ba Tơ,2800.0000149861444
Ba Xa,Ba Tơ,4400.000012982637
Ba Vì,Ba Tơ,1599.9999852816106
Sơn Ba,Sơn Hà,1199.9999695736917
Sơn Kỳ,Sơn Hà,1600.0000045937488
Sơn Cao,Sơn Hà,3199.999988776399
Sơn Cao,Sơn Hà,2799.9999822769314
Sơn Cao,Sơn Hà,7600.0000259815715
Trà Tân,Trà Bồng,1199.9999956705142
Ba Xa,Ba Tơ,1999.9999887833835
Ba Tiêu,Ba Tơ,1199.9999720905912
Sơn Kỳ,Sơn Hà,1199.9999902117997
Sơn Linh,Sơn Hà,4399.999991204822
Sơn Hạ,Sơn Hà,4000.000010591466
Sơn Kỳ,Sơn Hà,1199.9999849055894
Sơn Hạ,Sơn Hà,1200.0000142725185
Ba Vì,Ba Tơ,6800.000028794166
Ba Tiêu,Ba Tơ,1600.0000171922147
Sơn Ba,Sơn Hà,3999.9999690742698
Ba Vì,Ba Tơ,5599.999997700797
Ba Vì,Ba Tơ,4000.000012884848
Trà Tân,Trà Bồng,51600.00006939517
Sơn Ba,Sơn Hà,1199.9999981804285
Sơn Cao,Sơn Hà,3599.999990551732
Sơn Linh,Sơn Hà,2799.9999949370977
Sơn Giang,Sơn Hà,1600.0000362982973
Ba Xa,Ba Tơ,1199.9999892781489
Sơn Kỳ,Sơn Hà,1600.0000035797711
Ba Ngạc,Ba Tơ,4799.999984968454
Ba Ngạc,Ba Tơ,2399.9999972910155
Sơn Giang,Sơn Hà,4799.999957142863
Ba Xa,Ba Tơ,1599.9999913957436
Sơn Cao,Sơn Hà,1599.9999995646067
Trà Giang,Trà Bồng,5199.999983222224
Ba Tiêu,Ba Tơ,1199.9999906960875
Sơn Kỳ,Sơn Hà,8400.000027122442
Sơn Giang,Sơn Hà,2800.000034116674
Trà Tân,Trà Bồng,3600.0000555301085
Ba Xa,Ba Tơ,1999.999995282851
Sơn Thủy,Sơn Hà,1199.9999766319524
Sơn Giang,Sơn Hà,1599.9999964307062
Sơn Thành,Sơn Hà,1200.0000145297965
Trà Tân,Trà Bồng,1200.0000133702997
Sơn Linh,Sơn Hà,2000.0000230397563
Sơn Cao,Sơn Hà,6399.99998852727
Ba Xa,Ba Tơ,3999.9999984691385
Sơn Kỳ,Sơn Hà,1200.0000304973219
Sơn Giang,Sơn Hà,1999.9999600928281
Trà Sơn,Trà Bồng,10000.000011508819
Sơn Kỳ,Sơn Hà,2400.0000097451266
Sơn Hạ,Sơn Hà,1199.9999830301385
Trà Tân,Trà Bồng,5599.999980590073
Sơn Cao,Sơn Hà,8799.999995676335
Sơn Giang,Sơn Hà,1600.000021754531
Ba Xa,Ba Tơ,6800.000024372712
Sơn Kỳ,Sơn Hà,1599.999989136122
Sơn Kỳ,Sơn Hà,1199.9999963678417
Sơn Thành,Sơn Hà,8399.999988492345
Trà Giang,Trà Bồng,2799.999973581871
Ba Xa,Ba Tơ,1600.0000037672
Ba Vì,Ba Tơ,5199.999992601806
Ba Vì,Ba Tơ,5599.99999665888
Sơn Cao,Sơn Hà,2400.0000002235174
Trà Tân,Trà Bồng,1600.0000227184503
Trà Phú,Trà Bồng,1199.9999923130965
Trà Giang,Trà Bồng,4400.000008859206
Ba Ngạc,Ba Tơ,1200.000003296882
Ba Xa,Ba Tơ,1200.000018402934
Sơn Kỳ,Sơn Hà,6400.000003305031
Trà Sơn,Trà Bồng,1600.000000102446
Ba Tiêu,Ba Tơ,1600.0000111898407
Ba Tiêu,Ba Tơ,19200.000009523937
Trà Sơn,Trà Bồng,2800.000015569385
Sơn Cao,Sơn Hà,13199.999996729894
Trà Giang,Trà Bồng,2000.0000004342292
Trà Bùi,Trà Bồng,3200.0000005052425
Trà Sơn,Trà Bồng,1600.0000019092113
Ba Xa,Ba Tơ,2000.0000070291571
Ba Vì,Ba Tơ,1999.9999718973413
Ba Vì,Ba Tơ,4399.999979363056
Sơn Linh,Sơn Hà,3599.999999013962
Sơn Giang,Sơn Hà,1599.9999949662015
Trà Phú,Trà Bồng,2400.00000211061
Trà Giang,Trà Bồng,4000.000001731096
Sơn Kỳ,Sơn Hà,7999.999982836889
Sơn Linh,Sơn Hà,1600.0000195368193
Sơn Giang,Sơn Hà,1200.0000051117966
Sơn Hạ,Sơn Hà,1199.9999996903352
Trà Giang,Trà Bồng,1200.0000109313987
Trà Giang,Trà Bồng,1200.000014050165
Ba Vì,Ba Tơ,5600.00000955537
Sơn Ba,Sơn Hà,3599.999966644682
Sơn Cao,Sơn Hà,3199.999988505151
Sơn Linh,Sơn Hà,1200.0000372866637
Sơn Giang,Sơn Hà,1199.9999840301462
Trà Giang,Trà Bồng,3200.000049317023
Sơn Linh,Sơn Hà,5200.000021365704
Sơn Thành,Sơn Hà,6000.00002337154
Sơn Linh,Sơn Hà,1200.0000007962808
Sơn Thành,Sơn Hà,1200.0000154518054
Sơn Hạ,Sơn Hà,1599.9999967298934
Trà Tân,Trà Bồng,1199.999994923128
Trà Tân,Trà Bồng,1199.9999848823063
Trà Phú,Trà Bồng,6400.000027372735
Trà Giang,Trà Bồng,1200.000025506597
Ba Xa,Ba Tơ,1199.9999839160591
Ba Tiêu,Ba Tơ,1199.9999794200994
Sơn Linh,Sơn Hà,4799.999981147703
Sơn Hạ,Sơn Hà,6000.0000316964
Trà Tân,Trà Bồng,2400.000004915055
Trà Phú,Trà Bồng,2400.00003045192
Trà Giang,Trà Bồng,57199.99996216851
Ba Vì,Ba Tơ,8799.999990401557
Ba Vì,Ba Tơ,4399.999994337559
Sơn Linh,Sơn Hà,1199.9999839079098
Sơn Hạ,Sơn Hà,5600.000030795345
Trà Tân,Trà Bồng,1200.0000192655718
Trà Tân,Trà Bồng,4800.0000355776865
Trà Phú,Trà Bồng,1599.999964039307
Ba Xa,Ba Tơ,1200.0000215147156
Sơn Linh,Sơn Hà,1200.000004931353
Trà Tân,Trà Bồng,5199.999971046345
Trà Giang,Trà Bồng,2399.9999987729825
Sơn Ba,Sơn Hà,1999.9999956460672
Sơn Linh,Sơn Hà,1199.9999750999268
Sơn Cao,Sơn Hà,3999.999992682133
Trà Giang,Trà Bồng,1200.000004793983
Ba Vì,Ba Tơ,6399.999999165302
Ba Ngạc,Ba Tơ,2400.0000171433203
Sơn Ba,Sơn Hà,1999.9999697343446
Sơn Cao,Sơn Hà,2799.999999249121
Trà Sơn,Trà Bồng,3600.0000095984433
Ba Vì,Ba Tơ,4000.000003245659
Ba Vì,Ba Tơ,5200.000036804704
Ba Tiêu,Ba Tơ,28399.999997450504
Ba Vì,Ba Tơ,8400.000007301569
Ba Vì,Ba Tơ,1599.9999870348258
Sơn Linh,Sơn Hà,3200.0000015145633
Sơn Linh,Sơn Hà,1600.000015993137
Trà Sơn,Trà Bồng,8800.000012076925
Trà Phú,Trà Bồng,1199.9999954085797
Ba Vì,Ba Tơ,8000.000022375025
Ba Vì,Ba Tơ,1600.0000022957101
Ba Tiêu,Ba Tơ,2000.0000122154597
Sơn Kỳ,Sơn Hà,2000.0000172259752
Sơn Linh,Sơn Hà,1599.999986095354
Sơn Linh,Sơn Hà,10799.999985641334
Sơn Hạ,Sơn Hà,1200.0000020337752
Ba Vì,Ba Tơ,3200.000008745119
Ba Vì,Ba Tơ,1599.9999571661463
Trà Phú,Trà Bồng,2800.0000216800254
Ba Xa,Ba Tơ,70000.00011746073
Ba Vì,Ba Tơ,1599.999988663476
Sơn Linh,Sơn Hà,1200.0000124541111
Trà Giang,Trà Bồng,2400.000016152626
Ba Vì,Ba Tơ,1200.000006344635
Ba Tiêu,Ba Tơ,4800.000028940849
Ba Tiêu,Ba Tơ,1200.0000115169678
Ba Vì,Ba Tơ,6399.999999053543
Ba Vì,Ba Tơ,3600.000027689384
Sơn Cao,Sơn Hà,2400.000016411068
Ba Xa,Ba Tơ,34800.00005663023
Ba Tiêu,Ba Tơ,2799.999964605086
Sơn Kỳ,Sơn Hà,2399.9999988032505
Ba Xa,Ba Tơ,4799.999991519144
Ba Tiêu,Ba Tơ,2000.0000037404243
Ba Tiêu,Ba Tơ,2000.000009643845
Sơn Linh,Sơn Hà,2799.999976801919
Sơn Linh,Sơn Hà,1199.9999912315975
Trà Giang,Trà Bồng,9199.999966295436
Ba Xa,Ba Tơ,1599.9999888078312
Ba Vì,Ba Tơ,8000.000006227056
Sơn Hạ,Sơn Hà,3199.999984517927
Ba Tiêu,Ba Tơ,4000.00000077649
Ba Xa,Ba Tơ,1600.000008887146
Ba Xa,Ba Tơ,1600.000013023382
Ba Xa,Ba Tơ,1600.0000148953402
Ba Tiêu,Ba Tơ,4799.999990463257
Trà Phú,Trà Bồng,6400.000054027187
Ba Xa,Ba Tơ,1199.999994323589
Ba Xa,Ba Tơ,5999.999995282851
Ba Xa,Ba Tơ,1199.9999823735561
Ba Tiêu,Ba Tơ,1199.9999797239432
Ba Ngạc,Ba Tơ,2399.9999749765266
Sơn Ba,Sơn Hà,3599.9999989685602
Trà Tân,Trà Bồng,1600.000024882611
Sơn Cao,Sơn Hà,1999.9999921629205
Sơn Linh,Sơn Hà,1199.9999934039076
Ba Vì,Ba Tơ,11600.00004172558
Ba Tiêu,Ba Tơ,3600.0000247592106
Sơn Kỳ,Sơn Hà,2000.000018303981
Ba Tiêu,Ba Tơ,175999.99985317234
Ba Vì,Ba Tơ,6800.000003640307
Sơn Ba,Sơn Hà,2000.0000045995694
Sơn Linh,Sơn Hà,1200.0000036484562
Trà Giang,Trà Bồng,8800.000017397106
Sơn Linh,Sơn Hà,2799.999972594669
Sơn Kỳ,Sơn Hà,3200.0000346452
Sơn Hạ,Sơn Hà,2800.000010341173
Sơn Kỳ,Sơn Hà,3600.0000214087777
Ba Xa,Ba Tơ,2399.99999351101
Ba Vì,Ba Tơ,2800.0000013632234
Sơn Kỳ,Sơn Hà,1200.0000003247985
Sơn Linh,Sơn Hà,1999.999995329418
Sơn Hạ,Sơn Hà,2000.000006010523
Ba Vì,Ba Tơ,1999.9999978160483
Trà Giang,Trà Bồng,1600.0000194530003
Sơn Kỳ,Sơn Hà,1200.0000206974803
Sơn Kỳ,Sơn Hà,5599.999969436321
Sơn Cao,Sơn Hà,12399.999963562004
Ba Tiêu,Ba Tơ,8400.000010316726
Sơn Kỳ,Sơn Hà,1599.9999878066592
Sơn Kỳ,Sơn Hà,5199.999949493213
Ba Vì,Ba Tơ,4400.0000414846
Ba Tiêu,Ba Tơ,6000.000013071112
Sơn Linh,Sơn Hà,5999.999998289859
Sơn Linh,Sơn Hà,11199.999956355896
Sơn Linh,Sơn Hà,1200.0000053271654
Sơn Linh,Sơn Hà,1199.9999870883769
Ba Xa,Ba Tơ,1999.9999660253527
Ba Tiêu,Ba Tơ,2400.0000398326665
Sơn Kỳ,Sơn Hà,10799.999956098618
Sơn Linh,Sơn Hà,1999.999973422382
Ba Vì,Ba Tơ,13599.999966971809
Sơn Linh,Sơn Hà,4800.000031439122
Sơn Linh,Sơn Hà,1200.0000136438757
Ba Tiêu,Ba Tơ,1199.9999757111073
Ba Tiêu,Ba Tơ,9600.000044521876
Sơn Linh,Sơn Hà,6800.000061278697
Sơn Linh,Sơn Hà,2399.999997764826
Trà Tân,Trà Bồng,10800.0000065926
Ba Tiêu,Ba Tơ,4800.000030753436
Trà Phú,Trà Bồng,1200.0000230350997
Sơn Kỳ,Sơn Hà,1600.000024859328
Sơn Kỳ,Sơn Hà,12799.999999025604
Sơn Linh,Sơn Hà,2400.0000094692223
Sơn Linh,Sơn Hà,3200.0000014691614
Sơn Hạ,Sơn Hà,2400.0000182550866
Ba Ngạc,Ba Tơ,2800.0000200816435
Ba Tiêu,Ba Tơ,1999.9999833386391
Ba Tiêu,Ba Tơ,2799.9999902257696
Trà Phú,Trà Bồng,2800.000035574194
Ba Xa,Ba Tơ,3600.0000130559783
Ba Xa,Ba Tơ,29599.999983735615
Ba Xa,Ba Tơ,6000.0000181631185
Sơn Linh,Sơn Hà,1600.0000125565568
Sơn Linh,Sơn Hà,3999.9999599624425
Sơn Hạ,Sơn Hà,1599.9999965913596
Ba Xa,Ba Tơ,1199.9999941699205
Sơn Linh,Sơn Hà,3999.999996498227
Trà Phú,Trà Bồng,1199.9999892234337
Ba Xa,Ba Tơ,4000.0000190129504
Ba Vì,Ba Tơ,1600.0000047148205
Sơn Kỳ,Sơn Hà,3200.000006869668
Sơn Linh,Sơn Hà,9200.0000126753
Trà Giang,Trà Bồng,1199.9999996635597
Ba Xa,Ba Tơ,9599.99998960062
Sơn Kỳ,Sơn Hà,13599.99998425832
Sơn Kỳ,Sơn Hà,4800.000020625303
Sơn Linh,Sơn Hà,1200.0000124284998
Ba Vì,Ba Tơ,3999.999988997588
Sơn Linh,Sơn Hà,5600.000014203833
Sơn Linh,Sơn Hà,3199.999972241931
Ba Vì,Ba Tơ,8799.999967861222
Sơn Kỳ,Sơn Hà,3599.999974204693
Ba Xa,Ba Tơ,1200.000008464558
Ba Tiêu,Ba Tơ,2399.9999802198727
Ba Tiêu,Ba Tơ,2000.0000038999133
Ba Ngạc,Ba Tơ,2000.000002218876
Sơn Linh,Sơn Hà,1599.999997462146
Sơn Linh,Sơn Hà,2800.000019139843
Ba Tiêu,Ba Tơ,1600.0000065437052
Trà Giang,Trà Bồng,1200.0000070175156
Ba Vì,Ba Tơ,10399.999956380343
Sơn Kỳ,Sơn Hà,5999.999955865787
Sơn Hạ,Sơn Hà,2399.9999840615783
Ba Xa,Ba Tơ,5999.999954428058
Sơn Linh,Sơn Hà,5999.999990112847
Ba Vì,Ba Tơ,1200.0000318198
Ba Ngạc,Ba Tơ,1599.9999877251685
Ba Tô,Ba Tơ,26799.99998721294
Ba Tô,Ba Tơ,8799.999965453753
Trà Phú,Trà Bồng,1600.0000211724544
Trà Giang,Trà Bồng,5199.999958780827
Ba Vì,Ba Tơ,1599.9999897251837
Ba Tiêu,Ba Tơ,3599.9999934772495
Sơn Linh,Sơn Hà,4399.999985857867
Ba Vì,Ba Tơ,1600.0000108999668
Ba Tiêu,Ba Tơ,1999.9999844457489
Sơn Linh,Sơn Hà,3199.9999855738133
Sơn Linh,Sơn Hà,1199.9999942129946
Sơn Linh,Sơn Hà,3600.00001427019
Trà Tân,Trà Bồng,1199.9999918160029
Ba Xa,Ba Tơ,56800.00000196509
Sơn Linh,Sơn Hà,3999.9999702582136
Trà Phú,Trà Bồng,1600.000011830125
Ba Tiêu,Ba Tơ,8400.000043393811
Ba Tiêu,Ba Tơ,10399.999981030123
Trà Phú,Trà Bồng,2400.0000495044515
Ba Tiêu,Ba Tơ,1199.9999963771552
Sơn Kỳ,Sơn Hà,2400.000041379826
Ba Tiêu,Ba Tơ,2800.0000094925053
Trà Phú,Trà Bồng,8000.000001343433
Ba Xa,Ba Tơ,2000.0000436976552
Ba Vì,Ba Tơ,1200.0000153842848
Ba Vì,Ba Tơ,2400.000008146744
Sơn Linh,Sơn Hà,2000.0000317732338
Sơn Linh,Sơn Hà,4000.000030703377
Trà Phú,Trà Bồng,7600.0000185274985
Ba Vì,Ba Tơ,1199.9999686970843
Ba Ngạc,Ba Tơ,6000.000012356322
Ba Tiêu,Ba Tơ,3199.999982942827
Sơn Hạ,Sơn Hà,1599.999994521495
Ba Vì,Ba Tơ,7200.000010122312
Trà Tân,Trà Bồng,19600.000005839393
Trà Giang,Trà Bồng,2399.9999904609285
Sơn Kỳ,Sơn Hà,1200.0000297161755
Sơn Linh,Sơn Hà,4799.999980680877
Sơn Hạ,Sơn Hà,2000.0000230711885
Sơn Linh,Sơn Hà,1599.9999829486478
Sơn Hạ,Sơn Hà,1599.9999755411407
Trà Phú,Trà Bồng,13200.000011667144
Trà Giang,Trà Bồng,3599.99995771097
Sơn Kỳ,Sơn Hà,1200.0000288896263
Sơn Linh,Sơn Hà,1999.999979948625
Ba Vì,Ba Tơ,1199.9999955785458
Ba Tiêu,Ba Tơ,9199.999929120531
Sơn Kỳ,Sơn Hà,1600.0000346952584
Trà Phú,Trà Bồng,3600.0000077148434
Ba Tiêu,Ba Tơ,6800.000034576515
Sơn Linh,Sơn Hà,5999.999983034795
Sơn Linh,Sơn Hà,3200.0000059744343
Sơn Linh,Sơn Hà,3599.999993921956
Sơn Linh,Sơn Hà,2400.0000447034836
Sơn Linh,Sơn Hà,1200.000000204891
Ba Tô,Ba Tơ,2000.0000007264316
Ba Tiêu,Ba Tơ,16000.000007551862
Sơn Kỳ,Sơn Hà,1999.9999976588877
Sơn Kỳ,Sơn Hà,4000.00001527369
Sơn Hạ,Sơn Hà,2399.9999932793435
Ba Tô,Ba Tơ,5199.999999228166
Ba Tiêu,Ba Tơ,9200.000071583781
Sơn Linh,Sơn Hà,1199.999986521434
Trà Phú,Trà Bồng,1600.0000027299393
Ba Xa,Ba Tơ,1599.9999837367793
Ba Vì,Ba Tơ,3999.9999668996315
Sơn Linh,Sơn Hà,1599.9999991501682
Sơn Linh,Sơn Hà,2000.000024343608
Trà Giang,Trà Bồng,3200.0000377884135
Ba Xa,Ba Tơ,23999.999885750003
Ba Tiêu,Ba Tơ,4799.999988357304
Sơn Linh,Sơn Hà,5599.9999726051465
Trà Tân,Trà Bồng,1200.0000033387914
Trà Phú,Trà Bồng,5200.000020911684
Ba Tiêu,Ba Tơ,1200.0000030663796
Sơn Linh,Sơn Hà,2399.999986088369
Trà Tân,Trà Bồng,7999.99998418265
Trà Tân,Trà Bồng,9999.99996119528
Sơn Linh,Sơn Hà,1600.0000103167258
Ba Vì,Ba Tơ,1199.9999959988054
Ba Tiêu,Ba Tơ,33600.00000590575
Sơn Linh,Sơn Hà,2399.999975943938
Ba Tô,Ba Tơ,16000.000014086254
Ba Tiêu,Ba Tơ,1599.9999922397546
Long Môn,Minh Long,7200.000030442607
Sơn Linh,Sơn Hà,8400.00003045774
Sơn Hạ,Sơn Hà,2000.0000227673445
Bình An,Bình Sơn,10799.99998595682
Ba Vì,Ba Tơ,4000.0000400817953
Sơn Linh,Sơn Hà,2800.0000009394716
Sơn Kỳ,Sơn Hà,3600.0000324717257
Sơn Linh,Sơn Hà,2400.000023689354
Trà Phú,Trà Bồng,1200.0000053050462
Ba Xa,Ba Tơ,32000.000001681037
Long Môn,Minh Long,1600.0000469735826
Sơn Linh,Sơn Hà,8799.999994180398
Trà Phú,Trà Bồng,1599.9999697774183
Bình An,Bình Sơn,1599.9999782582745
Ba Tô,Ba Tơ,5999.99997486244
Ba Tiêu,Ba Tơ,4400.000005071051
Sơn Kỳ,Sơn Hà,1199.999971330399
Sơn Linh,Sơn Hà,1199.9999832501635
Sơn Kỳ,Sơn Hà,1999.999983550515
Sơn Kỳ,Sơn Hà,3599.9999843211845
Sơn Cao,Sơn Hà,3599.999969578348
Sơn Linh,Sơn Hà,9200.000029593939
Sơn Linh,Sơn Hà,3999.9999949138146
Sơn Linh,Sơn Hà,1600.0000025215559
Trà Phú,Trà Bồng,1999.9999645154455
Ba Xa,Ba Tơ,1200.0000123097566
Trà Phú,Trà Bồng,3999.999991635559
Ba Tiêu,Ba Tơ,1600.000045672059
Sơn Kỳ,Sơn Hà,8000.000020122388
Sơn Linh,Sơn Hà,3599.999967124313
Sơn Linh,Sơn Hà,9599.999981240835
Trà Phú,Trà Bồng,2799.9999765411485
Trà Giang,Trà Bồng,2000.0000381679274
Trà Giang,Trà Bồng,2000.0000057148281
Bình An,Bình Sơn,5200.00001666951
Ba Tiêu,Ba Tơ,3200.0000032398384
Sơn Linh,Sơn Hà,2000.0000002491288
Sơn Linh,Sơn Hà,1199.9999948428012
Tịnh Giang,Sơn Tịnh,2799.9999514513183
Sơn Kỳ,Sơn Hà,2399.9999745911923
Sơn Linh,Sơn Hà,2399.9999994563404
Sơn Linh,Sơn Hà,6000.000006753253
Tịnh Giang,Sơn Tịnh,1599.9999990756623
Ba Vì,Ba Tơ,17599.999992743833
Ba Tô,Ba Tơ,13199.999979651766
Trà Tân,Trà Bồng,2399.99999265885
Ba Tô,Ba Tơ,28000.000026287744
Sơn Linh,Sơn Hà,5599.999999062857
Sơn Hạ,Sơn Hà,1200.0000278791415
Sơn Linh,Sơn Hà,6800.000018682331
Sơn Linh,Sơn Hà,5599.999938686378
Trà Giang,Trà Bồng,1199.9999928451143
Ba Xa,Ba Tơ,6800.000027224887
Long Môn,Minh Long,3600.000016761478
Ba Vì,Ba Tơ,1599.9999973853119
Bình An,Bình Sơn,2000.000000988366
Ba Xa,Ba Tơ,2800.0000012887176
Ba Tô,Ba Tơ,8399.99997955747
Sơn Linh,Sơn Hà,2400.0000048358925
Sơn Hạ,Sơn Hà,2800.0000185437966
Ba Tiêu,Ba Tơ,1599.9999932420903
Sơn Linh,Sơn Hà,7200.000000082655
Sơn Linh,Sơn Hà,12800.000004102476
Sơn Linh,Sơn Hà,11600.00005057198
Sơn Nham,Sơn Hà,1200.0000006519258
Tịnh Giang,Sơn Tịnh,2000.0000398792329
Sơn Hạ,Sơn Hà,4800.000007544877
Ba Vì,Ba Tơ,10399.999995590188
Ba Tiêu,Ba Tơ,2000.000012209639
Sơn Linh,Sơn Hà,12399.999976848485
Ba Vì,Ba Tơ,1999.99999120133
Ba Vì,Ba Tơ,1199.9999925959855
Ba Tô,Ba Tơ,9599.99997629202
Trà Bình,Trà Bồng,7999.999999933643
Ba Xa,Ba Tơ,2400.0000239384826
Sơn Kỳ,Sơn Hà,3199.999996307306
Tịnh Giang,Sơn Tịnh,15600.000095036812
Bình An,Bình Sơn,5199.999983273447
Tịnh Giang,Sơn Tịnh,2000.000003647292
Bình An,Bình Sơn,1600.000007331837
Sơn Linh,Sơn Hà,6800.000015014084
Long Môn,Minh Long,4800.000069703674
Sơn Kỳ,Sơn Hà,1199.9999777192718
Tịnh Giang,Sơn Tịnh,9199.99997952138
Sơn Kỳ,Sơn Hà,7199.999998657731
Ba Xa,Ba Tơ,2799.999988492345
Long Môn,Minh Long,1200.0000004726462
Sơn Hạ,Sơn Hà,2400.0000015366822
Sơn Linh,Sơn Hà,13200.000022057211
Tịnh Giang,Sơn Tịnh,1599.999994370155
Trà Phú,Trà Bồng,1199.9999821383972
Ba Tiêu,Ba Tơ,12799.99996745959
Ba Tô,Ba Tơ,5600.000052247196
Ba Tiêu,Ba Tơ,15200.000001015142
Trà Tân,Trà Bồng,12399.99993073172
Ba Xa,Ba Tơ,14399.999968380434
Ba Vì,Ba Tơ,11199.99995667953
Ba Vì,Ba Tơ,5599.9999901489355
Ba Tô,Ba Tơ,1999.999989994103
Sơn Linh,Sơn Hà,10400.000024964102
Ba Vì,Ba Tơ,4000.000033886172
Trà Tân,Trà Bồng,6000.000001729932
Sơn Kỳ,Sơn Hà,8000.00004694215
Sơn Nham,Sơn Hà,4799.99998403131
Trà Bình,Trà Bồng,1599.9999906611629
Bình An,Bình Sơn,18399.99998335843
Ba Xa,Ba Tơ,3200.0000102841295
Ba Tiêu,Ba Tơ,1599.9999975180256
Sơn Kỳ,Sơn Hà,1200.0000096752776
Sơn Linh,Sơn Hà,2400.00004315516
Ba Tiêu,Ba Tơ,5200.000011730008
Long Môn,Minh Long,4799.999987143092
Sơn Hạ,Sơn Hà,1200.0000226008706
Sơn Hạ,Sơn Hà,2399.999995152466
Trà Bình,Trà Bồng,1599.999977350235
Trà Giang,Trà Bồng,3200.0000168476254
Ba Vì,Ba Tơ,3199.9999993585516
Ba Vì,Ba Tơ,1199.9999896693043
Sơn Kỳ,Sơn Hà,2399.999961738941
Sơn Linh,Sơn Hà,3999.9999805132393
Ba Vì,Ba Tơ,16799.999986785697
Ba Tô,Ba Tơ,1200.000009352807
Sơn Hạ,Sơn Hà,2000.00003760797
Tịnh Giang,Sơn Tịnh,2799.9999964470044
Ba Vì,Ba Tơ,1999.9999987392218
Sơn Nham,Sơn Hà,1599.9999728507828
Trà Tân,Trà Bồng,4799.99997150735
Ba Tô,Ba Tơ,2400.0000048673246
Trà Tân,Trà Bồng,4399.999986202456
Trà Bình,Trà Bồng,10400.000015683472
Ba Vì,Ba Tơ,1599.999995060498
Sơn Kỳ,Sơn Hà,1199.99999653548
Sơn Linh,Sơn Hà,8000.000003967434
Sơn Hạ,Sơn Hà,1600.0000176997853
Ba Tiêu,Ba Tơ,1199.9999835703056
Sơn Linh,Sơn Hà,2000.0000184518285
Sơn Nham,Sơn Hà,3200.000013076933
Trà Bình,Trà Bồng,1599.999971819343
Bình An,Bình Sơn,8799.999991039513
Sơn Linh,Sơn Hà,2799.999978181441
Tịnh Giang,Sơn Tịnh,5199.99999933294
Ba Vì,Ba Tơ,1599.9999942805152
Sơn Cao,Sơn Hà,3599.9999811733137
Sơn Hạ,Sơn Hà,1600.000021662563
Sơn Linh,Sơn Hà,1599.9999857449436
Tịnh Giang,Sơn Tịnh,9199.999970179051
Sơn Kỳ,Sơn Hà,12399.999982903246
Sơn Kỳ,Sơn Hà,1999.9999821069648
Ba Vì,Ba Tơ,1199.9999951152129
Ba Tô,Ba Tơ,8399.999965317547
Tịnh Giang,Sơn Tịnh,1999.9999782023954
Sơn Kỳ,Sơn Hà,1999.999988662312
Sơn Nham,Sơn Hà,5200.000011903467
Tịnh Giang,Sơn Tịnh,3200.0000204483513
Long Môn,Minh Long,1599.999998974381
Tịnh Đông,Sơn Tịnh,1199.9999973340891
Bình An,Bình Sơn,3200.00000626198
Sơn Linh,Sơn Hà,1599.9999864329584
Bình An,Bình Sơn,21999.99998842599
Sơn Linh,Sơn Hà,2399.999946152093
Trà Tân,Trà Bồng,4399.999992987141
Bình An,Bình Sơn,1199.9999702617063
Sơn Linh,Sơn Hà,3600.0000026775524
Trà Tân,Trà Bồng,1999.9999733746517
Ba Vì,Ba Tơ,1199.9999889056198
Sơn Nham,Sơn Hà,9599.999982509762
Sơn Nham,Sơn Hà,1199.9999846622813
Ba Tô,Ba Tơ,4399.999985899776
Sơn Nham,Sơn Hà,1600.0000115321016
Bình An,Bình Sơn,1199.9999859731179
Ba Tô,Ba Tơ,1199.9999938730616
Sơn Linh,Sơn Hà,6399.999959631823
Ba Tô,Ba Tơ,3200.00000338885
Sơn Linh,Sơn Hà,4400.000019869767
Ba Tô,Ba Tơ,3200.000023377361
Sơn Cao,Sơn Hà,3199.9999638367444
Trà Bình,Trà Bồng,8400.00003586756
Bình An,Bình Sơn,4399.999983285088
Trà Bình,Trà Bồng,1199.9999849591409
Ba Tô,Ba Tơ,2399.999987112824
Tịnh Đông,Sơn Tịnh,7200.000025629997
Ba Tô,Ba Tơ,36799.999931859784
Tịnh Đông,Sơn Tịnh,1600.0000054296106
Tịnh Đông,Sơn Tịnh,6000.000009151408
Ba Giang,Ba Tơ,2400.000011479715
Sơn Cao,Sơn Hà,1199.999981226865
Tịnh Đông,Sơn Tịnh,6399.999975764658
Tịnh Giang,Sơn Tịnh,6800.000017986167
Bình An,Bình Sơn,1999.999974888051
Sơn Ba,Sơn Hà,1199.999996802071
Sơn Linh,Sơn Hà,3600.00003455556
Sơn Nham,Sơn Hà,3600.000001692679
Sơn Hạ,Sơn Hà,15200.00002769637
Bình An,Bình Sơn,2399.999972736696
Bình An,Bình Sơn,2399.9999988940544
Ba Tô,Ba Tơ,2800.0000081257895
Ba Tô,Ba Tơ,10400.00001033186
Bình An,Bình Sơn,1200.0000067357905
Bình An,Bình Sơn,1599.9999832874164
Sơn Linh,Sơn Hà,4400.000014754478
Trà Giang,Trà Bồng,1599.9999768543057
Sơn Nham,Sơn Hà,1999.999995455146
Sơn Nham,Sơn Hà,1200.0000347406606
Trà Bình,Trà Bồng,3199.999978650594
Trà Giang,Trà Bồng,2000.0000111246482
Trà Giang,Trà Bồng,1599.9999911454506
Trà Giang,Trà Bồng,1599.999988960335
Trà Giang,Trà Bồng,7600.000026061898
Sơn Nham,Sơn Hà,6799.999992506346
Ba Tô,Ba Tơ,3600.0000161328353
Ba Tô,Ba Tơ,6399.999963066075
Long Môn,Minh Long,1200.0000377022661
Ba Tô,Ba Tơ,1600.0000228208955
Sơn Hạ,Sơn Hà,7199.999972076621
Sơn Nham,Sơn Hà,11199.999987264164
Ba Tô,Ba Tơ,3199.999992601806
Ba Tô,Ba Tơ,1599.999973680824
Tịnh Đông,Sơn Tịnh,7600.000027767383
Tịnh Đông,Sơn Tịnh,5599.999987531919
Ba Tô,Ba Tơ,2000.0000028684733
Sơn Nham,Sơn Hà,1600.0000070035458
Sơn Hạ,Sơn Hà,1199.9999926076266
Tịnh Đông,Sơn Tịnh,1599.9999800138175
Tịnh Đông,Sơn Tịnh,1199.9999930022748
Trà Bình,Trà Bồng,3600.000001238659
Ba Giang,Ba Tơ,2399.999971713405
Long Môn,Minh Long,1200.0000150990672
Long Môn,Minh Long,1999.9999794980977
Sơn Linh,Sơn Hà,3199.999962730799
Tịnh Đông,Sơn Tịnh,2400.0000157172326
Ba Tô,Ba Tơ,4399.999982151203
Sơn Hạ,Sơn Hà,2000.0000082468614
Long Môn,Minh Long,2000.0000174925663
Trà Bình,Trà Bồng,2400.0000150257256
Tịnh Đông,Sơn Tịnh,1200.0000091223046
Tịnh Đông,Sơn Tịnh,17199.999963020673
Ba Tô,Ba Tơ,15200.000077780569
Ba Tô,Ba Tơ,3999.9999966647015
Trà Giang,Trà Bồng,4000.0000009464566
Bình An,Bình Sơn,6399.999981946312
Ba Tô,Ba Tơ,8800.000081962207
Sơn Cao,Sơn Hà,2399.9999824049883
Tịnh Đông,Sơn Tịnh,3600.000011975644
Trà Bình,Trà Bồng,5199.999989903299
Sơn Hạ,Sơn Hà,4000.00001869048
Trà Bình,Trà Bồng,1600.0000148871914
Sơn Nham,Sơn Hà,3600.0000145379454
Tịnh Đông,Sơn Tịnh,2399.9999702337664
Trà Bình,Trà Bồng,1999.999995083781
Long Môn,Minh Long,4000.0000130478293
Long Môn,Minh Long,3200.000024983892
Tịnh Đông,Sơn Tịnh,3600.000012938399
Tịnh Giang,Sơn Tịnh,1600.000022300519
Ba Tô,Ba Tơ,2800.0000157335307
Tịnh Đông,Sơn Tịnh,3200.000019222498
Trà Giang,Trà Bồng,5199.999978027772
Ba Tô,Ba Tơ,6000.000008583302
Ba Tô,Ba Tơ,1199.9999845132697
Tịnh Đông,Sơn Tịnh,20400.000005159527
Ba Tô,Ba Tơ,1199.9999854131602
Long Môn,Minh Long,2799.999985891627
Tịnh Đông,Sơn Tịnh,4000.000070700189
Trà Bình,Trà Bồng,2400.000032605604
Ba Tô,Ba Tơ,13599.99999992433
Tịnh Giang,Sơn Tịnh,7199.999949363992
Tịnh Đông,Sơn Tịnh,3199.9999672267586
Bình An,Bình Sơn,2400.000024570618
Trà Bình,Trà Bồng,6000.000018412247
Tịnh Đông,Sơn Tịnh,1200.0000085041393
Trà Bình,Trà Bồng,4399.9999967287295
Ba Tô,Ba Tơ,1200.000009124633
Trà Bình,Trà Bồng,1200.0000000628643
Long Môn,Minh Long,4399.999990479555
Tịnh Đông,Sơn Tịnh,1199.9999637075236
Tịnh Đông,Sơn Tịnh,3599.9999983725143
Ba Tô,Ba Tơ,2000.0000178872137
Sơn Nham,Sơn Hà,1999.9999716866294
Tịnh Giang,Sơn Tịnh,2400.0000087264925
Ba Tô,Ba Tơ,2400.0000013865065
Ba Tô,Ba Tơ,10799.999966298928
Tịnh Giang,Sơn Tịnh,2000.0000092457049
Bình Minh,Bình Sơn,4799.999965849565
Tịnh Đông,Sơn Tịnh,3599.999998048879
Tịnh Đông,Sơn Tịnh,1599.9999979964925
Ba Tô,Ba Tơ,1600.000006784685
Ba Tô,Ba Tơ,1599.99997840845
Tịnh Đông,Sơn Tịnh,12000.00001354143
Ba Tô,Ba Tơ,11200.000025746413
Bình An,Bình Sơn,12800.00005976879
Sơn Linh,Sơn Hà,14800.000008567004
Sơn Nham,Sơn Hà,4400.000022172462
Tịnh Giang,Sơn Tịnh,19999.999970415374
Tịnh Đông,Sơn Tịnh,1199.9999918136746
Trà Bình,Trà Bồng,1199.999981301371
Tịnh Hiệp,Sơn Tịnh,4400.000028940849
Trà Bình,Trà Bồng,2799.9999755702447
Ba Nam,Ba Tơ,1200.000015350524
Sơn Nham,Sơn Hà,8800.000058411388
Bình Minh,Bình Sơn,3600.0000272039324
Ba Giang,Ba Tơ,1600.0000031816307
Tịnh Đông,Sơn Tịnh,10000.000006499467
Tịnh Đông,Sơn Tịnh,26799.999978292035
Tịnh Đông,Sơn Tịnh,2799.9999684025533
Ba Tô,Ba Tơ,4799.99999593012
Long Môn,Minh Long,4799.999970712233
Ba Tô,Ba Tơ,8400.000048944494
Sơn Nham,Sơn Hà,1999.999984280439
Sơn Nham,Sơn Hà,2799.9999733432196
Tịnh Đông,Sơn Tịnh,15200.000001183944
Sơn Hạ,Sơn Hà,1199.9999688134992
Tịnh Đông,Sơn Tịnh,2000.0000019406434
Ba Tô,Ba Tơ,3200.0000112620182
Ba Giang,Ba Tơ,3599.999989637872
Tịnh Đông,Sơn Tịnh,5200.000010954682
Long Môn,Minh Long,15200.00001716311
Sơn Nham,Sơn Hà,5200.0000242493115
Sơn Nham,Sơn Hà,1199.9999847449362
Tịnh Giang,Sơn Tịnh,19200.000003130408
Sơn Cao,Sơn Hà,1999.9999652511906
Sơn Nham,Sơn Hà,5200.00002722838
Tịnh Hiệp,Sơn Tịnh,14399.999974927632
Bình An,Bình Sơn,2400.000021699816
Tịnh Đông,Sơn Tịnh,4800.000000988366
Sơn Nham,Sơn Hà,1199.9999938800465
Long Môn,Minh Long,7999.999987160554
Sơn Nham,Sơn Hà,2399.9999781884253
Sơn Nham,Sơn Hà,2400.0000168313272
Tịnh Đông,Sơn Tịnh,2799.9999508063775
Bình An,Bình Sơn,6000.000011164229
Sơn Nham,Sơn Hà,13600.000045964262
Bình An,Bình Sơn,1200.0000191084107
Sơn Nham,Sơn Hà,3199.999971279176
Sơn Nham,Sơn Hà,2800.000014100224
Trà Bình,Trà Bồng,1600.0000175856985
Ba Giang,Ba Tơ,3200.0000085972715
Ba Giang,Ba Tơ,4000.0000072293915
Tịnh Hiệp,Sơn Tịnh,1199.9999893910717
Bình Minh,Bình Sơn,6000.000016059494
Long Môn,Minh Long,10400.000019307481
Bình An,Bình Sơn,1600.0000343611464
Sơn Nham,Sơn Hà,3600.0000003690366
Tịnh Hiệp,Sơn Tịnh,6399.999973672675
Bình An,Bình Sơn,3599.999990469078
Bình An,Bình Sơn,15999.99997369945
Nghĩa Lâm,Tư Nghĩa,2400.000023492612
Long Môn,Minh Long,4400.0000369304325
Long Môn,Minh Long,2000.0000087858643
Tịnh Đông,Sơn Tịnh,1599.9999962584116
Tịnh Đông,Sơn Tịnh,6400.000003367895
Tịnh Đông,Sơn Tịnh,55599.99992256635
Bình An,Bình Sơn,1600.0000062992335
Tịnh Đông,Sơn Tịnh,1200.000013859244
Bình An,Bình Sơn,3200.000055921264
Trà Bình,Trà Bồng,12399.999977392145
Bình An,Bình Sơn,1199.9999973631932
Ba Tô,Ba Tơ,4800.000027874485
Long Môn,Minh Long,2000.0000051758254
Bình An,Bình Sơn,2399.999980912544
Ba Tô,Ba Tơ,3199.999983033631
Long Môn,Minh Long,1999.9999849149026
Long Môn,Minh Long,4800.000016011763
Long Môn,Minh Long,2800.0000114541035
Tịnh Hiệp,Sơn Tịnh,12400.000000552973
Ba Điền,Ba Tơ,1600.0000194553286
Long Môn,Minh Long,7199.999983850867
Long Môn,Minh Long,11600.000046441564
Sơn Nham,Sơn Hà,8000.000055581331
Ba Điền,Ba Tơ,2799.999971484067
Long Môn,Minh Long,1199.9999906530138
Bình Minh,Bình Sơn,2000.0000091921538
Ba Tô,Ba Tơ,1600.0000130548142
Bình Minh,Bình Sơn,6000.00005565118
Nghĩa Lâm,Tư Nghĩa,3999.999985600589
Sơn Nham,Sơn Hà,5199.999984208262
Sơn Nham,Sơn Hà,1599.999999073334
Tịnh Hiệp,Sơn Tịnh,1600.000019709114
Long Môn,Minh Long,3600.0000305555286
Bình Minh,Bình Sơn,2400.0000100722536
Bình An,Bình Sơn,25599.999981075525
Ba Tô,Ba Tơ,1200.000009128125
Ba Giang,Ba Tơ,4000.0000112247653
Sơn Nham,Sơn Hà,2000.00001788605
Long Môn,Minh Long,2400.0000017473935
Tịnh Đông,Sơn Tịnh,2800.0000054494017
Ba Giang,Ba Tơ,15200.000056675635
Tịnh Hiệp,Sơn Tịnh,10000.000008177012
Trà Bình,Trà Bồng,4399.999970359495
Ba Tô,Ba Tơ,4800.000006114133
Ba Tô,Ba Tơ,1599.9999787751585
Ba Giang,Ba Tơ,1200.0000012037344
Sơn Nham,Sơn Hà,4000.0000081886537
Long Môn,Minh Long,1199.9999995273538
Nghĩa Lâm,Tư Nghĩa,8400.000031706877
Long Môn,Minh Long,59200.00002888497
Tịnh Đông,Sơn Tịnh,1599.999993060483
Ba Tô,Ba Tơ,2399.9999965238385
Sơn Nham,Sơn Hà,3199.999998540152
Tịnh Hiệp,Sơn Tịnh,1600.0000105297659
Long Môn,Minh Long,4799.99997377512
Ba Giang,Ba Tơ,2799.999970208155
Long Môn,Minh Long,1599.999974530656
Tịnh Giang,Sơn Tịnh,3200.0000453519174
Long Môn,Minh Long,15199.999977339758
Ba Tô,Ba Tơ,4800.000027712667
Sơn Nham,Sơn Hà,8000.000088147353
Nghĩa Lâm,Tư Nghĩa,1199.999972728547
Tịnh Đông,Sơn Tịnh,2000.0000121246555
Tịnh Đông,Sơn Tịnh,5600.000004143221
Bình An,Bình Sơn,1199.9999945622403
Sơn Nham,Sơn Hà,1199.9999919591937
Nghĩa Lâm,Tư Nghĩa,1999.999980678549
Tịnh Đông,Sơn Tịnh,1600.0000070023816
Bình Minh,Bình Sơn,24000.000006643822
Bình An,Bình Sơn,2000.0000197917686
Ba Giang,Ba Tơ,3199.999999180436
Ba Giang,Ba Tơ,24800.000024804613
Nghĩa Lâm,Tư Nghĩa,20399.999993997626
Nghĩa Lâm,Tư Nghĩa,1200.0000055937562
Nghĩa Lâm,Tư Nghĩa,1999.9999889708124
Tịnh Hiệp,Sơn Tịnh,10800.000026837224
Nghĩa Lâm,Tư Nghĩa,1200.000000166474
Trà Bình,Trà Bồng,3600.000028132927
Ba Nam,Ba Tơ,1200.0000008195639
Tịnh Đông,Sơn Tịnh,13199.999963693554
Long Môn,Minh Long,1599.9999904958531
Tịnh Hiệp,Sơn Tịnh,7999.999970491044
Ba Giang,Ba Tơ,2800.0000038906
Tịnh Hiệp,Sơn Tịnh,1199.9999967485198
Bình An,Bình Sơn,12000.000049364753
Ba Giang,Ba Tơ,3199.999951211503
Ba Tô,Ba Tơ,1199.9999858951196
Long Môn,Minh Long,5199.999983437592
Ba Tô,Ba Tơ,1999.9999839789234
Ba Giang,Ba Tơ,1200.0000031187662
Trà Bình,Trà Bồng,1999.9999800510705
Nghĩa Lâm,Tư Nghĩa,7200.000003622845
Ba Giang,Ba Tơ,1599.9999924830627
Nghĩa Lâm,Tư Nghĩa,2399.9999804841354
Nghĩa Lâm,Tư Nghĩa,2799.9999738147017
Tịnh Hiệp,Sơn Tịnh,6000.0000058161095
Bình An,Bình Sơn,3200.0000196846668
Tịnh Hiệp,Sơn Tịnh,1999.9999674130231
Tịnh Hiệp,Sơn Tịnh,7999.999975534156
Tịnh Hiệp,Sơn Tịnh,1999.9999901489355
Bình Minh,Bình Sơn,5600.0000110059045
Tịnh Đông,Sơn Tịnh,6799.999999970896
Ba Giang,Ba Tơ,3599.9999905657023
Tịnh Hiệp,Sơn Tịnh,1199.999980373541
Ba Giang,Ba Tơ,6800.000001305016
Ba Tô,Ba Tơ,1200.0000027578792
Sơn Nham,Sơn Hà,3200.0000373728108
Bình An,Bình Sơn,2800.0000200187787
Bình An,Bình Sơn,1200.00003109104
Tịnh Hiệp,Sơn Tịnh,10800.000024545006
Nghĩa Sơn,Tư Nghĩa,14399.999919488328
Tịnh Đông,Sơn Tịnh,1199.999976179097
Tịnh Hiệp,Sơn Tịnh,9599.999999720603
Ba Giang,Ba Tơ,3600.0000010756776
Sơn Nham,Sơn Hà,4400.000014733523
Nghĩa Lâm,Tư Nghĩa,1200.0000066496432
Bình Minh,Bình Sơn,1200.0000012351666
Bình An,Bình Sơn,1200.0000078673474
Ba Giang,Ba Tơ,2000.0000140047634
Trà Bình,Trà Bồng,1599.9999947613105
Ba Giang,Ba Tơ,5999.999938432593
Trà Bình,Trà Bồng,10000.000017168932
Bình An,Bình Sơn,6000.0000260269735
Bình An,Bình Sơn,2799.9999848089647
Sơn Nham,Sơn Hà,12400.000002089655
Sơn Nham,Sơn Hà,1199.9999850755557
Ba Nam,Ba Tơ,5999.999971636571
Tịnh Đông,Sơn Tịnh,33200.00007639988
Ba Giang,Ba Tơ,4399.999980536522
Ba Tô,Ba Tơ,1199.9999605224002
Bình An,Bình Sơn,4400.000002299203
Ba Giang,Ba Tơ,31200.000047365902
Bình Minh,Bình Sơn,15599.999968537595
Bình An,Bình Sơn,10000.000015421538
Bình An,Bình Sơn,3600.000002478482
Sơn Nham,Sơn Hà,4000.000054470729
Ba Giang,Ba Tơ,1200.0000247254502
Tịnh Đông,Sơn Tịnh,8399.999966130126
Tịnh Hiệp,Sơn Tịnh,7599.999992275843
Ba Giang,Ba Tơ,1200.000004136236
Long Môn,Minh Long,4400.00000486034
Nghĩa Sơn,Tư Nghĩa,4400.000008064089
Nghĩa Sơn,Tư Nghĩa,2000.0000249943698
Tịnh Hiệp,Sơn Tịnh,23999.99996952596
Tịnh Hiệp,Sơn Tịnh,1200.0000201701187
Bình An,Bình Sơn,6800.000008078059
Tịnh Đông,Sơn Tịnh,1199.9999891675543
Tịnh Hiệp,Sơn Tịnh,2400.000016851118
Ba Giang,Ba Tơ,3599.9999412556645
Bình Minh,Bình Sơn,1999.9999990616925
Ba Nam,Ba Tơ,1599.9999864550773
Ba Nam,Ba Tơ,1200.0000052794348
Bình Minh,Bình Sơn,2800.0000189000275
Ba Giang,Ba Tơ,2000.000011496013
Long Môn,Minh Long,2000.0000220222864
Sơn Nham,Sơn Hà,3600.0000323122367
Bình An,Bình Sơn,2400.0000212364826
Bình Mỹ,Bình Sơn,13199.999982859008
Ba Nam,Ba Tơ,1199.9999945191666
Ba Tô,Ba Tơ,1599.9999901559204
Long Môn,Minh Long,1600.000014876714
Sơn Nham,Sơn Hà,2799.9999543942977
Tịnh Đông,Sơn Tịnh,16399.999940053094
Ba Điền,Ba Tơ,14000.000000395812
Tịnh Đông,Sơn Tịnh,10400.000018487917
Ba Giang,Ba Tơ,5200.000007232884
Sơn Nham,Sơn Hà,2399.999969759956
Ba Giang,Ba Tơ,5600.000064279884
Sơn Nham,Sơn Hà,9999.999918699032
Sơn Nham,Sơn Hà,4399.999995237449
Tịnh Hiệp,Sơn Tịnh,1599.9999972328078
Ba Nam,Ba Tơ,1200.000001406297
Ba Tô,Ba Tơ,15600.000036128331
Sơn Nham,Sơn Hà,2400.0000039523
Nghĩa Sơn,Tư Nghĩa,1999.9999844864942
Nghĩa Lâm,Tư Nghĩa,1600.0000109605026
Bình An,Bình Sơn,2400.000019168947
Ba Tô,Ba Tơ,5599.999972197693
Ba Tô,Ba Tơ,19199.99994830927
Ba Giang,Ba Tơ,2000.0000355846714
Tịnh Hiệp,Sơn Tịnh,1199.9999777914488
Nghĩa Sơn,Tư Nghĩa,1600.0000164227095
Ba Tô,Ba Tơ,11200.000008876668
Ba Tô,Ba Tơ,5200.000001826556
Tịnh Đông,Sơn Tịnh,13200.000012668315
Sơn Nham,Sơn Hà,1600.000012060627
Ba Tô,Ba Tơ,13599.99995989725
Ba Tô,Ba Tơ,5200.00004238449
Ba Giang,Ba Tơ,1599.9999769858548
Sơn Nham,Sơn Hà,9200.000031910604
Sơn Nham,Sơn Hà,2000.000018818537
Bình An,Bình Sơn,3200.000036675483
Ba Nam,Ba Tơ,7600.000009223586
Ba Giang,Ba Tơ,1999.9999793176537
Sơn Nham,Sơn Hà,2000.000005470356
Bình Minh,Bình Sơn,2799.999972623773
Bình Minh,Bình Sơn,1599.9999932106584
Ba Giang,Ba Tơ,3600.0000153819565
Ba Điền,Ba Tơ,4000.0000507070217
Sơn Nham,Sơn Hà,1199.999978225678
Ba Nam,Ba Tơ,1200.0000104063656
Ba Giang,Ba Tơ,1599.9999997019768
Sơn Nham,Sơn Hà,6000.000079196179
Ba Giang,Ba Tơ,3600.0000179442577
Sơn Nham,Sơn Hà,1200.000011359807
Ba Nam,Ba Tơ,1600.0000241864475
Ba Giang,Ba Tơ,29199.999983498128
Sơn Nham,Sơn Hà,1200.0000108440872
Bình Minh,Bình Sơn,6800.0000552111305
Ba Tô,Ba Tơ,36400.000003085006
Ba Giang,Ba Tơ,1999.9999990058132
Ba Tô,Ba Tơ,1199.9999834143089
Ba Tô,Ba Tơ,1199.9999960989226
Tịnh Hiệp,Sơn Tịnh,6400.000012931414
Ba Tô,Ba Tơ,3599.999959501438
Sơn Nham,Sơn Hà,1999.9999960674904
Bình Khương,Bình Sơn,1199.9999841116369
Ba Giang,Ba Tơ,1999.9999995576218
Long Môn,Minh Long,2399.999944214942
Sơn Nham,Sơn Hà,1199.9999708705582
Ba Tô,Ba Tơ,12799.999962621368
Ba Tô,Ba Tơ,43200.00013818848
Sơn Nham,Sơn Hà,2000.0000020652078
Nghĩa Sơn,Tư Nghĩa,12799.999976521358
Tịnh Hiệp,Sơn Tịnh,12400.000026109628
Sơn Nham,Sơn Hà,5999.999984126771
Sơn Nham,Sơn Hà,3200.0000334042124
Ba Tô,Ba Tơ,2399.99997545965
Bình An,Bình Sơn,3199.999991380609
Long Môn,Minh Long,1199.999986339826
Nghĩa Lâm,Tư Nghĩa,2000.0000069977254
Bình Khương,Bình Sơn,14000.000008228235
Nghĩa Sơn,Tư Nghĩa,1999.999999398133
Ba Tô,Ba Tơ,40799.99996613944
Ba Tô,Ba Tơ,1200.000001176959
Sơn Nham,Sơn Hà,3199.999995630933
Ba Giang,Ba Tơ,7599.999995375983
Sơn Nham,Sơn Hà,1600.0000176252797
Sơn Nham,Sơn Hà,5999.999937503599
Tịnh Hiệp,Sơn Tịnh,3600.0000132620335
Ba Tô,Ba Tơ,30800.00003502937
Ba Tô,Ba Tơ,6799.999982238514
Ba Giang,Ba Tơ,1599.9999774480236
Ba Giang,Ba Tơ,1200.0000303192066
Ba Giang,Ba Tơ,1999.9999945482703
Nghĩa Sơn,Tư Nghĩa,1200.0000126555096
Tịnh Hiệp,Sơn Tịnh,27200.000017791754
Ba Tô,Ba Tơ,17600.000061002793
Long Môn,Minh Long,4400.00003247289
Nghĩa Sơn,Tư Nghĩa,1199.999992037192
Nghĩa Lâm,Tư Nghĩa,4800.000025919871
Tịnh Đông,Sơn Tịnh,1199.9999990034848
Tịnh Hiệp,Sơn Tịnh,2399.9999985680915
Bình Minh,Bình Sơn,3999.9999979836866
Ba Tô,Ba Tơ,10800.000001451699
Ba Tô,Ba Tơ,1999.9999971757643
Tịnh Đông,Sơn Tịnh,1599.9999705562368
Tịnh Hiệp,Sơn Tịnh,7200.000028559007
Ba Tô,Ba Tơ,1600.000000668224
Ba Tô,Ba Tơ,2000.000016591512
Ba Tô,Ba Tơ,5199.999974232633
Ba Tô,Ba Tơ,6800.000027855858
Ba Tô,Ba Tơ,2400.000004094327
Sơn Nham,Sơn Hà,2799.9999510787893
Ba Giang,Ba Tơ,4000.0000015855767
Nghĩa Sơn,Tư Nghĩa,11600.00001700595
Nghĩa Sơn,Tư Nghĩa,2799.999986673938
Ba Giang,Ba Tơ,4400.0000048056245
Bình An,Bình Sơn,1999.9999773770105
Ba Tô,Ba Tơ,7200.000043953769
Ba Giang,Ba Tơ,2799.9999990104698
Ba Giang,Ba Tơ,8000.0000131712295
Ba Điền,Ba Tơ,1600.000007157214
Bình Khương,Bình Sơn,3599.9999777274206
Ba Tô,Ba Tơ,11200.000009929063
Ba Giang,Ba Tơ,7199.9999947613105
Nghĩa Sơn,Tư Nghĩa,1600.0000035529956
Ba Tô,Ba Tơ,3600.000027731294
Ba Dinh,Ba Tơ,4000.000021248124
Bình An,Bình Sơn,15199.99996259925
Sơn Nham,Sơn Hà,3200.0000011036173
Ba Tô,Ba Tơ,1199.999968818156
Ba Điền,Ba Tơ,2799.999986254843
Tịnh Hiệp,Sơn Tịnh,4799.999958582921
Tịnh Hiệp,Sơn Tịnh,8000.00001834007
Bình Minh,Bình Sơn,10400.000011294615
Bình Khương,Bình Sơn,2000.0000035879202
Ba Tô,Ba Tơ,7199.999971654033
Nghĩa Sơn,Tư Nghĩa,1599.9999951431528
Bình Minh,Bình Sơn,2000.000026569469
Ba Tô,Ba Tơ,2000.0000057416034
Ba Giang,Ba Tơ,1200.0000016402919
Ba Điền,Ba Tơ,3200.0000162422657
Tịnh Hiệp,Sơn Tịnh,4400.000025189947
Ba Tô,Ba Tơ,18000.000064594205
Ba Tô,Ba Tơ,1199.9999845179266
Tịnh Hiệp,Sơn Tịnh,41999.99999274034
Bình An,Bình Sơn,1599.999964343151
Ba Tô,Ba Tơ,12400.000030781375
Bình Khương,Bình Sơn,13599.999987577321
Ba Tô,Ba Tơ,5199.9999695585575
Ba Điền,Ba Tơ,3999.9999850359745
Ba Tô,Ba Tơ,3200.0000167719554
Tịnh Đông,Sơn Tịnh,1600.0000135158189
Ba Giang,Ba Tơ,1199.9999824643603
Nghĩa Sơn,Tư Nghĩa,2800.0000113854185
Tịnh Hiệp,Sơn Tịnh,3600.000003889436
Tịnh Hiệp,Sơn Tịnh,6800.000026024645
Tịnh Hiệp,Sơn Tịnh,1999.999996807892
Bình Minh,Bình Sơn,3200.0000220467336
Ba Điền,Ba Tơ,1999.9999969743658
Nghĩa Sơn,Tư Nghĩa,2399.9999915028457
Ba Tô,Ba Tơ,5200.00000811182
Tịnh Hiệp,Sơn Tịnh,1599.9999963783193
Tịnh Hiệp,Sơn Tịnh,1599.9999990279318
Bình An,Bình Sơn,1599.9999659112657
Ba Tô,Ba Tơ,2400.0000487430952
Ba Điền,Ba Tơ,12000.000023924513
Sơn Nham,Sơn Hà,5199.99999325606
Ba Tô,Ba Tơ,1199.9999860243406
Thanh An,Minh Long,1600.0000054854897
Bình An,Bình Sơn,7199.999971999787
Ba Tô,Ba Tơ,1999.9999979406127
Nghĩa Sơn,Tư Nghĩa,13199.999964573653
Tịnh Hiệp,Sơn Tịnh,5200.00002368819
Bình Khương,Bình Sơn,13599.999973955564
Ba Điền,Ba Tơ,4800.00005226233
Ba Giang,Ba Tơ,1600.0000138650653
Ba Giang,Ba Tơ,4000.0000468059443
Ba Giang,Ba Tơ,6400.000029321527
Ba Điền,Ba Tơ,15600.000049154041
Tịnh Đông,Sơn Tịnh,2000.000004300382
Bình Khương,Bình Sơn,6799.999970007921
Ba Điền,Ba Tơ,8799.999988113996
Ba Điền,Ba Tơ,1600.0000046519563
Tịnh Hiệp,Sơn Tịnh,7200.000012839446
Bình An,Bình Sơn,1200.0000091735271
Ba Tô,Ba Tơ,2800.0000027543865
Ba Nam,Ba Tơ,1599.99998660991
Ba Nam,Ba Tơ,5999.999979635468
Nghĩa Sơn,Tư Nghĩa,9999.999965591123
Ba Dinh,Ba Tơ,75199.9999098177
Nghĩa Sơn,Tư Nghĩa,1999.9999930080958
Ba Điền,Ba Tơ,3199.999984372407
Ba Nam,Ba Tơ,3200.0000002002344
Ba Nam,Ba Tơ,5199.999945668969
Ba Dinh,Ba Tơ,2800.000017415732
Nghĩa Sơn,Tư Nghĩa,18400.00006861519
Tịnh Đông,Sơn Tịnh,1599.9999839242084
Ba Dinh,Ba Tơ,23199.999933480285
Ba Giang,Ba Tơ,1600.0000041315798
Ba Nam,Ba Tơ,1200.0000201922376
Ba Tô,Ba Tơ,1999.999998997664
Nghĩa Sơn,Tư Nghĩa,14799.999973276863
Tịnh Hiệp,Sơn Tịnh,1599.9999905144796
Bình Minh,Bình Sơn,2799.9999819754157
Ba Tô,Ba Tơ,5200.00005537644
Ba Điền,Ba Tơ,5600.000014100224
Ba Điền,Ba Tơ,2799.999991345685
Nghĩa Sơn,Tư Nghĩa,11999.999982158188
Ba Giang,Ba Tơ,1200.000002243323
Sơn Linh,Sơn Hà,4400.000004322501
Ba Tô,Ba Tơ,13199.999996960396
Ba Dinh,Ba Tơ,3600.0000172422733
Ba Dinh,Ba Tơ,3200.00000161468
Nghĩa Sơn,Tư Nghĩa,4000.0000325846486
Nghĩa Sơn,Tư Nghĩa,1199.9999958113767
Bình Minh,Bình Sơn,1200.0000030710362
Ba Tô,Ba Tơ,20399.99999581487
Nghĩa Sơn,Tư Nghĩa,9200.000049076043
Nghĩa Sơn,Tư Nghĩa,1199.9999900453258
Bình Khương,Bình Sơn,3599.9999987718184
Bình Minh,Bình Sơn,4800.000024191104
Ba Nam,Ba Tơ,2000.0000063888724
Ba Tô,Ba Tơ,1600.000007954659
Nghĩa Sơn,Tư Nghĩa,5600.000010072254
Ba Nam,Ba Tơ,2800.0000007392373
Ba Tô,Ba Tơ,1199.9999906076118
Ba Tô,Ba Tơ,1600.0000082002953
Tịnh Hiệp,Sơn Tịnh,1200.0000038160945
Bình Minh,Bình Sơn,2800.000031766249
Bình Minh,Bình Sơn,1200.000001050066
Ba Dinh,Ba Tơ,15200.000065490603
Ba Tô,Ba Tơ,4000.000014702091
Ba Giang,Ba Tơ,8000.000009317882
Nghĩa Sơn,Tư Nghĩa,1599.9999917380046
Nghĩa Sơn,Tư Nghĩa,3200.0000046705823
Bình Mỹ,Bình Sơn,7199.999992640223
Ba Dinh,Ba Tơ,4799.9999813735485
Nghĩa Sơn,Tư Nghĩa,2399.9999916704833
Ba Nam,Ba Tơ,3199.99998375657
Ba Tô,Ba Tơ,18000.000014199177
Ba Dinh,Ba Tơ,3999.9999964865856
Tịnh Bắc,Sơn Tịnh,1599.9999859265517
Bình An,Bình Sơn,2800.0000190222636
Bình Khương,Bình Sơn,7199.999978953274
Ba Tô,Ba Tơ,25200.00000675209
Long Sơn,Minh Long,1199.999990229262
Ba Nam,Ba Tơ,1199.999982266454
Ba Nam,Ba Tơ,11199.999970482895
Ba Điền,Ba Tơ,2400.0000267243013
Nghĩa Sơn,Tư Nghĩa,3200.000001695007
Tịnh Hiệp,Sơn Tịnh,2000.0000171991996
Bình Khương,Bình Sơn,1600.0000083027408
Ba Nam,Ba Tơ,2000.0000033411197
Bình Khương,Bình Sơn,3600.0000258488576
Ba Tô,Ba Tơ,13999.99996661325
Ba Dinh,Ba Tơ,7599.999956914689
Tịnh Hiệp,Sơn Tịnh,1600.000016815029
Bình Khương,Bình Sơn,7200.0000168487895
Ba Dinh,Ba Tơ,5600.000012483215
Tịnh Minh,Sơn Tịnh,1600.0000175274909
Bình Mỹ,Bình Sơn,2800.0000001885933
Bình Minh,Bình Sơn,7600.000006308546
Bình Khương,Bình Sơn,3999.999998776475
Long Môn,Minh Long,1600.0000156927854
Bình Khương,Bình Sơn,2799.9999990023207
Bình An,Bình Sơn,1199.999993161764
Ba Giang,Ba Tơ,5999.9999815027695
Ba Nam,Ba Tơ,4399.999982074369
Ba Dinh,Ba Tơ,1999.9999808671414
Bình Khương,Bình Sơn,1199.99998425832
Thanh An,Minh Long,1199.9999828939326
Thanh An,Minh Long,4400.000000366708
Bình Khương,Bình Sơn,2000.0000065239146
Ba Điền,Ba Tơ,3600.000025711488
Ba Nam,Ba Tơ,2000.000009847572
Ba Giang,Ba Tơ,1999.9999756377656
Thanh An,Minh Long,2799.999983627349
Ba Giang,Ba Tơ,3200.0000191736035
Thanh An,Minh Long,1199.9999712139836
Ba Dinh,Ba Tơ,2000.0000115216244
Ba Giang,Ba Tơ,2799.999978579581
Long Môn,Minh Long,1199.9999805411787
Ba Nam,Ba Tơ,27999.99999220716
Thanh An,Minh Long,1599.999989749631
Ba Dinh,Ba Tơ,1199.9999884190038
Ba Giang,Ba Tơ,1199.9999689636752
Thanh An,Minh Long,1200.0000144913793
Ba Giang,Ba Tơ,72400.00000214903
Thanh An,Minh Long,3199.999984288588
Thanh An,Minh Long,2799.999997082632
Ba Nam,Ba Tơ,5600.000032261014
Ba Dinh,Ba Tơ,3200.000026859343
Nghĩa Sơn,Tư Nghĩa,9200.00001753564
Nghĩa Sơn,Tư Nghĩa,1199.999992202502
Ba Điền,Ba Tơ,1599.9999959848353
Long Sơn,Minh Long,4399.999993315432
Nghĩa Sơn,Tư Nghĩa,1600.000015925616
Ba Dinh,Ba Tơ,2000.0000204320531
Long Sơn,Minh Long,1200.0000183831435
Tịnh Trà,Sơn Tịnh,3599.9999865039717
Bình An,Bình Sơn,5600.000011804514
Long Sơn,Minh Long,1999.9999996472616
Nghĩa Thắng,Tư Nghĩa,2799.9999932246283
Nghĩa Thắng,Tư Nghĩa,1199.999999477295
Tịnh Trà,Sơn Tịnh,1199.9999848101288
Ba Nam,Ba Tơ,4800.00001352746
Ba Dinh,Ba Tơ,4400.0000125553925
Bình Minh,Bình Sơn,2000.0000102911144
Bình Minh,Bình Sơn,1199.9999936157838
Ba Nam,Ba Tơ,4400.0000350305345
Ba Dinh,Ba Tơ,1199.9999790883157
Long Sơn,Minh Long,6800.0000125786755
Nghĩa Sơn,Tư Nghĩa,1600.0000309606548
Ba Giang,Ba Tơ,7599.999960963614
Tịnh Trà,Sơn Tịnh,3599.999965436291
Ba Nam,Ba Tơ,14399.999957206892
Ba Dinh,Ba Tơ,1200.0000367406756
Tịnh Hiệp,Sơn Tịnh,6800.00001009088
Ba Dinh,Ba Tơ,1999.9999900651162
Ba Dinh,Ba Tơ,8400.000017739367
Ba Giang,Ba Tơ,7599.999970925273
Ba Điền,Ba Tơ,9599.99996853876
Ba Giang,Ba Tơ,10800.000006071059
Ba Giang,Ba Tơ,1599.999959430425
Ba Giang,Ba Tơ,5199.999999530846
Long Sơn,Minh Long,1199.9999765027314
Bình Khương,Bình Sơn,23199.999910461484
Thanh An,Minh Long,2800.0000261864625
Long Sơn,Minh Long,4399.9999966227915
Bình Mỹ,Bình Sơn,3599.999983110465
Ba Nam,Ba Tơ,49600.00000686385
Ba Điền,Ba Tơ,6400.000005885959
Bình Mỹ,Bình Sơn,1200.0000012526286
Ba Bích,Ba Tơ,65999.999872857
Ba Nam,Ba Tơ,4400.00002285582
Ba Dinh,Ba Tơ,1600.0000034389086
Ba Giang,Ba Tơ,1199.9999895761723
Nghĩa Sơn,Tư Nghĩa,5199.999962014845
Ba Giang,Ba Tơ,7199.999973690137
Ba Giang,Ba Tơ,2799.999995629769
Thanh An,Minh Long,5999.999970059143
Nghĩa Thắng,Tư Nghĩa,23600.00003014691
Ba Nam,Ba Tơ,9999.99999318854
Ba Dinh,Ba Tơ,10799.999993969686
Ba Dinh,Ba Tơ,2799.9999954353552
Ba Dinh,Ba Tơ,21199.99997704639
Thanh An,Minh Long,1200.000002977904
Bình Minh,Bình Sơn,2799.999987373594
Thanh An,Minh Long,6399.999991037184
Tịnh Trà,Sơn Tịnh,3599.9999815342017
Bình Khương,Bình Sơn,7199.999950621277
Ba Giang,Ba Tơ,4000.0000174844176
Ba Điền,Ba Tơ,12000.000026294729
Ba Bích,Ba Tơ,1200.0000038172586
Ba Giang,Ba Tơ,3200.0000167649705
Ba Điền,Ba Tơ,4000.000029715011
Long Sơn,Minh Long,10400.000031836098
Tịnh Minh,Sơn Tịnh,3599.9999628867954
Ba Bích,Ba Tơ,16800.000004122267
Ba Điền,Ba Tơ,3199.999958720291
Thanh An,Minh Long,7200.0000463787
Bình Khương,Bình Sơn,1200.0000250211453
Ba Nam,Ba Tơ,1199.999984902097
Ba Điền,Ba Tơ,7599.9999379890505
Ba Lế,Ba Tơ,50400.0000437093
Bình Minh,Bình Sơn,5999.999999052379
Ba Dinh,Ba Tơ,6000.000051114475
Ba Giang,Ba Tơ,6800.000025762711
Ba Điền,Ba Tơ,2799.9999885598663
Long Sơn,Minh Long,1999.999991421355
Ba Dinh,Ba Tơ,2799.999993101228
Ba Vinh,Ba Tơ,1599.99999149004
Ba Nam,Ba Tơ,29999.999995765975
Ba Dinh,Ba Tơ,1200.0000057241414
Bình Mỹ,Bình Sơn,1600.000004710164
Bình Minh,Bình Sơn,6799.999962432776
Bình Khương,Bình Sơn,6000.000010918593
Ba Dinh,Ba Tơ,1599.9999883922283
Ba Lế,Ba Tơ,20800.00002254499
Nghĩa Thắng,Tư Nghĩa,3999.999987076735
Nghĩa Thắng,Tư Nghĩa,1999.9999817134812
Ba Nam,Ba Tơ,27999.999943565344
Long Sơn,Minh Long,2000.0000118499156
Bình Minh,Bình Sơn,3999.9999916681554
Ba Giang,Ba Tơ,1200.0000042363536
Ba Bích,Ba Tơ,2799.999983620364
Ba Dinh,Ba Tơ,7999.999963225564
Ba Nam,Ba Tơ,7199.999957210384
Ba Bích,Ba Tơ,11600.000041119056
Nghĩa Thắng,Tư Nghĩa,1999.9999958230183
Long Sơn,Minh Long,6400.000037790742
Nghĩa Thọ,Tư Nghĩa,2799.9999927997123
Bình Minh,Bình Sơn,1200.0000171223655
Ba Dinh,Ba Tơ,5600.000003050081
Ba Vinh,Ba Tơ,1599.99999668682
Ba Bích,Ba Tơ,4000.000014452962
Ba Điền,Ba Tơ,2000.0000351446215
Thanh An,Minh Long,1599.9999968800694
Thanh An,Minh Long,2000.0000343401916
Long Sơn,Minh Long,12399.999936448876
Bình Mỹ,Bình Sơn,4800.000008755596
Bình Minh,Bình Sơn,1199.9999970628414
Ba Bích,Ba Tơ,2399.999992620433
Ba Vinh,Ba Tơ,1199.9999997159468
Ba Điền,Ba Tơ,4800.000003234018
Thanh An,Minh Long,14000.000025203917
Thanh An,Minh Long,1999.9999795155597
Ba Vinh,Ba Tơ,4800.000004164176
Thanh An,Minh Long,5599.999994671671
Ba Bích,Ba Tơ,5599.999983662274
Ba Dinh,Ba Tơ,2000.0000034144614
Thanh An,Minh Long,1199.999971347861
Bình Minh,Bình Sơn,1599.9999936006498
Bình Khương,Bình Sơn,10400.000065739732
Ba Điền,Ba Tơ,2400.0000239058863
Ba Vinh,Ba Tơ,8799.99996730825
Nghĩa Thắng,Tư Nghĩa,1200.0000008824281
Bình Mỹ,Bình Sơn,1999.9999876751097
Ba Lế,Ba Tơ,9200.000009175856
Thanh An,Minh Long,1999.9999997275881
Thanh An,Minh Long,2000.000019876752
Bình Mỹ,Bình Sơn,1600.0000226381233
Nghĩa Thắng,Tư Nghĩa,1200.0000097905286
Ba Dinh,Ba Tơ,13200.000013229437
Long Sơn,Minh Long,20000.000059517333
Ba Lế,Ba Tơ,27600.000004256144
Bình Khương,Bình Sơn,1199.9999582732562
Ba Lế,Ba Tơ,10800.000048358925
Nghĩa Thắng,Tư Nghĩa,1199.999955558451
Ba Lế,Ba Tơ,9999.999985452741
Ba Điền,Ba Tơ,3200.0000258232467
Nghĩa Thọ,Tư Nghĩa,2399.99997836072
Bình Mỹ,Bình Sơn,7199.999978250125
Tịnh Trà,Sơn Tịnh,4399.999956400134
Ba Vinh,Ba Tơ,6000.000042408938
Bình Minh,Bình Sơn,6400.0000117579475
Bình Khương,Bình Sơn,5200.000051640673
Ba Dinh,Ba Tơ,2000.0000141211785
Ba Dinh,Ba Tơ,4799.999991253717
Bình Minh,Bình Sơn,9200.000025575282
Long Sơn,Minh Long,4400.00001669745
Bình Minh,Bình Sơn,2400.0000084307976
Bình Khương,Bình Sơn,1199.9999954458326
Ba Dinh,Ba Tơ,8000.000006022165
Bình Mỹ,Bình Sơn,4799.999965195311
Bình Minh,Bình Sơn,2399.9999797530472
Thanh An,Minh Long,3599.999986501643
Nghĩa Thọ,Tư Nghĩa,1600.0000074785203
Ba Dinh,Ba Tơ,2799.9999948369805
Nghĩa Thọ,Tư Nghĩa,1599.9999994738027
Tịnh Hiệp,Sơn Tịnh,1199.9999970896167
Ba Lế,Ba Tơ,7599.999972501537
Ba Dinh,Ba Tơ,3600.0000183307566
Ba Vinh,Ba Tơ,9599.999961045105
Thanh An,Minh Long,2000.0000179582275
Long Sơn,Minh Long,3600.0000134937
Bình Mỹ,Bình Sơn,1600.0000014144455
Ba Dinh,Ba Tơ,3200.000003427267
Thanh An,Minh Long,2000.0000119069591
Long Sơn,Minh Long,1600.0000012118835
Ba Lế,Ba Tơ,31200.000055584824
Ba Bích,Ba Tơ,1599.9999983841553
Long Sơn,Minh Long,7999.999939998379
Long Sơn,Minh Long,6400.000042064348
Ba Dinh,Ba Tơ,1600.0000025331974
Bình Mỹ,Bình Sơn,2800.000016419217
Ba Dinh,Ba Tơ,1200.0000081444157
Ba Điền,Ba Tơ,2000.0000113563146
Thanh An,Minh Long,2799.9999577901326
Bình Minh,Bình Sơn,4799.999993095407
Bình Khương,Bình Sơn,3199.9999857402872
Long Sơn,Minh Long,12800.000020863954
Nghĩa Thọ,Tư Nghĩa,2399.9999757052865
Ba Vinh,Ba Tơ,1999.99998665764
Long Sơn,Minh Long,2400.0000350619666
Nghĩa Thọ,Tư Nghĩa,1599.99998810119
Ba Dinh,Ba Tơ,2399.9999848741572
Nghĩa Thọ,Tư Nghĩa,2399.9999536958057
Thanh An,Minh Long,6800.000002589077
Thanh An,Minh Long,3200.0000063388143
Long Sơn,Minh Long,1200.0000286346767
Nghĩa Thắng,Tư Nghĩa,2399.9999823479448
Bình Minh,Bình Sơn,2800.0000229803845
Thanh An,Minh Long,6000.0000132166315
Bình Minh,Bình Sơn,2400.0000268989243
Bình Minh,Bình Sơn,3199.9999673629645
Ba Vinh,Ba Tơ,1599.999976643594
Tịnh Hiệp,Sơn Tịnh,3200.000016116537
Bình Minh,Bình Sơn,1599.999998226995
Long Sơn,Minh Long,3200.000017847633
Long Sơn,Minh Long,1199.99999487889
Nghĩa Thọ,Tư Nghĩa,9199.999985310715
Tịnh Sơn,Sơn Tịnh,2000.000012025703
Ba Bích,Ba Tơ,11600.000006330665
Ba Vinh,Ba Tơ,11599.999963716837
Thanh An,Minh Long,1199.9999943282457
Bình Khương,Bình Sơn,3200.0000104203355
Thanh An,Minh Long,1600.0000146543607
Nghĩa Thọ,Tư Nghĩa,1199.9999861617107
Ba Bích,Ba Tơ,9599.999990923097
Bình Mỹ,Bình Sơn,1200.0000188010745
Ba Bích,Ba Tơ,4000.0000260269735
Ba Bích,Ba Tơ,1600.0000033760439
Ba Vinh,Ba Tơ,5200.000009010546
Long Sơn,Minh Long,12400.000050519593
Bình Khương,Bình Sơn,23599.99995207996
Ba Vinh,Ba Tơ,8000.000023345929
Bình Khương,Bình Sơn,2000.000008632196
Ba Lế,Ba Tơ,51600.00002571498
Long Sơn,Minh Long,2400.000011615921
Bình Khương,Bình Sơn,3200.0000186648685
Ba Bích,Ba Tơ,25199.999956610845
Ba Vinh,Ba Tơ,1199.9999828601722
Thanh An,Minh Long,4799.999984544702
Thanh An,Minh Long,1600.0000019767322
Long Sơn,Minh Long,9199.999944865704
Bình Khương,Bình Sơn,3199.9999972467776
Ba Vinh,Ba Tơ,3999.9999986216426
Bình Khương,Bình Sơn,1599.9999906821176
Ba Vinh,Ba Tơ,6800.000023928005
Ba Điền,Ba Tơ,4800.000008853385
Thanh An,Minh Long,4399.999996601837
Thanh An,Minh Long,1599.9999967589974
Long Sơn,Minh Long,2399.9999716551974
Ba Bích,Ba Tơ,10399.999961911235
Ba Vinh,Ba Tơ,6000.000007406343
Ba Vinh,Ba Tơ,6000.000025531044
Ba Vinh,Ba Tơ,1600.0000350060875
Ba Vinh,Ba Tơ,6799.999994030222
Long Sơn,Minh Long,1200.0000053225085
Nghĩa Thắng,Tư Nghĩa,5599.999996757833
Tịnh Trà,Sơn Tịnh,5199.999962884467
Long Sơn,Minh Long,8399.999982292065
Bình Khương,Bình Sơn,2799.999989644857
Ba Vinh,Ba Tơ,1200.0000092876144
Tịnh Trà,Sơn Tịnh,1199.999986825278
Bình Khương,Bình Sơn,5999.999962217407
Nghĩa Thọ,Tư Nghĩa,1600.0000225449912
Ba Dinh,Ba Tơ,5600.000028721988
Ba Dinh,Ba Tơ,4000.0000135286245
Thanh An,Minh Long,2000.0000058661683
Thanh An,Minh Long,1200.0000025890768
Long Sơn,Minh Long,8799.99998291023
Thanh An,Minh Long,1199.9999825807756
Bình Khương,Bình Sơn,1200.0000177824404
Long Sơn,Minh Long,4399.999979761196
Ba Bích,Ba Tơ,1200.0000138953328
Ba Dinh,Ba Tơ,1200.0000095868018
Bình Khương,Bình Sơn,5999.999999720603
Long Mai,Minh Long,2399.9999722850043
Bình Minh,Bình Sơn,1599.9999999743886
Ba Bích,Ba Tơ,3599.999973734375
Long Sơn,Minh Long,3599.999993876554
Bình Khương,Bình Sơn,2000.0000015320259
Ba Dinh,Ba Tơ,3200.0000192038715
Bình Khương,Bình Sơn,1200.0000147230458
Ba Dinh,Ba Tơ,20399.99999656342
Bình Khương,Bình Sơn,2799.9999957345426
Long Sơn,Minh Long,2800.000019479776
Tịnh Sơn,Sơn Tịnh,1599.9999990395734
Long Mai,Minh Long,3600.000032609096
Bình Nguyên,Bình Sơn,1199.999987811316
Long Mai,Minh Long,1999.99997893814
Long Sơn,Minh Long,1999.9999880720864
Long Sơn,Minh Long,1999.9999861977992
Long Sơn,Minh Long,1999.9999977473635
Long Sơn,Minh Long,5199.999903975986
Ba Dinh,Ba Tơ,1999.999998724088
Ba Dinh,Ba Tơ,2799.999961053254
Tịnh Hiệp,Sơn Tịnh,14400.000058922451
Tịnh Trà,Sơn Tịnh,1599.9999940791167
Long Sơn,Minh Long,4400.000009853393
Ba Chùa,Ba Tơ,1199.9999935855158
Nghĩa Thắng,Tư Nghĩa,33600.000023297034
Ba Dinh,Ba Tơ,1199.9999921699052
Nghĩa Thọ,Tư Nghĩa,16399.99997183564
Bình Khương,Bình Sơn,2800.0000037706923
Ba Chùa,Ba Tơ,6399.999968355987
Thanh An,Minh Long,4800.00002382556
Ba Vinh,Ba Tơ,6399.999998839339
Ba Dinh,Ba Tơ,2799.999998199055
Long Sơn,Minh Long,1600.0000011047812
Bình Khương,Bình Sơn,1200.0000068603551
Tịnh Trà,Sơn Tịnh,1599.999973233789
Long Mai,Minh Long,3200.000001095468
Bình Khương,Bình Sơn,5999.999989683274
Nghĩa Thắng,Tư Nghĩa,1199.9999967706387
Bình Khương,Bình Sơn,5200.000008116476
Bình Khương,Bình Sơn,13199.999988122145
Ba Dinh,Ba Tơ,2000.0000102398917
Ba Vinh,Ba Tơ,1200.0000323634597
Ba Vinh,Ba Tơ,1199.9999895843214
Bình Khương,Bình Sơn,2399.999971037032
Long Mai,Minh Long,11599.999993961537
Tịnh Trà,Sơn Tịnh,2399.9999862804543
Ba Lế,Ba Tơ,8800.000011739321
Ba Bích,Ba Tơ,6799.999989614589
Ba Chùa,Ba Tơ,5200.000013047829
Bình Nguyên,Bình Sơn,1600.0000050279775
Bình Khương,Bình Sơn,2399.999959921697
Ba Chùa,Ba Tơ,8399.999993897509
Ba Vinh,Ba Tơ,4799.9999905203
Long Sơn,Minh Long,2800.0000350736086
Bình Khương,Bình Sơn,7999.999973058002
Nghĩa Thọ,Tư Nghĩa,2800.0000106031075
Ba Dinh,Ba Tơ,4000.0000446592458
Long Mai,Minh Long,3599.9999889254104
Long Mai,Minh Long,9599.999984099995
Ba Chùa,Ba Tơ,1600.0000118650496
Long Mai,Minh Long,2400.0000040093437
Nghĩa Thắng,Tư Nghĩa,1200.0000079849267
Bình Khương,Bình Sơn,3599.999967139447
Ba Dinh,Ba Tơ,6799.9999576376285
Nghĩa Thắng,Tư Nghĩa,1600.0000064191408
Ba Lế,Ba Tơ,7200.000022009481
Ba Dinh,Ba Tơ,2000.0000057078432
Long Mai,Minh Long,16799.999981097644
Nghĩa Thắng,Tư Nghĩa,4800.000023061875
Ba Lế,Ba Tơ,5599.99998481595
Ba Vinh,Ba Tơ,5599.999978990527
Nghĩa Thắng,Tư Nghĩa,5200.0000306847505
Ba Lế,Ba Tơ,1599.9999941885471
Long Sơn,Minh Long,2399.9999831139576
Long Sơn,Minh Long,6399.999991871882
Ba Vinh,Ba Tơ,8800.00001296401
Long Mai,Minh Long,1199.9999980535358
Bình Nguyên,Bình Sơn,2800.0000033527613
Ba Lế,Ba Tơ,3999.999975307146
Ba Chùa,Ba Tơ,3999.9999753769953
Ba Vinh,Ba Tơ,6800.000035844278
Long Sơn,Minh Long,1200.0000209058635
Tịnh Bình,Sơn Tịnh,1599.9999943457078
Ba Dinh,Ba Tơ,6400.000006987248
Thanh An,Minh Long,1599.9999901419505
Nghĩa Thọ,Tư Nghĩa,1199.9999852641486
Ba Dinh,Ba Tơ,14000.000069732778
Bình Khương,Bình Sơn,1999.9999752140138
Ba Vinh,Ba Tơ,2399.999987449264
Ba Vinh,Ba Tơ,1200.0000122142958
Thanh An,Minh Long,1600.000061814208
Long Mai,Minh Long,1200.0000017683487
Ba Vinh,Ba Tơ,12400.00000394648
Tịnh Bình,Sơn Tịnh,1199.9999985005707
Ba Dinh,Ba Tơ,3600.0000134285074
Ba Dinh,Ba Tơ,1599.999993601814
Long Mai,Minh Long,2399.9999727401882
Long Sơn,Minh Long,25999.999965815805
Ba Vinh,Ba Tơ,1199.9999710405245
Nghĩa Thọ,Tư Nghĩa,11600.00005455222
Nghĩa Thắng,Tư Nghĩa,2400.0000137556344
Ba Lế,Ba Tơ,22800.000022181775
Ba Chùa,Ba Tơ,6000.000022281893
Long Mai,Minh Long,6000.000016454142
Long Mai,Minh Long,5199.99999156571
Tịnh Bình,Sơn Tịnh,2399.999963757582
Ba Dinh,Ba Tơ,64400.0000594079
Long Mai,Minh Long,6399.999959425768
Tịnh Trà,Sơn Tịnh,1599.999980708817
Bình Nguyên,Bình Sơn,9200.000005271286
Nghĩa Thọ,Tư Nghĩa,5600.000005606562
Tịnh Trà,Sơn Tịnh,1199.9999794806356
Bình Khương,Bình Sơn,1999.9999702733476
Bình Nguyên,Bình Sơn,1199.999994568061
Ba Vinh,Ba Tơ,3199.9999936565287
Nghĩa Thọ,Tư Nghĩa,1599.9999832757749
Nghĩa Thọ,Tư Nghĩa,1200.000001299195
Ba Vinh,Ba Tơ,3599.999994871905
Nghĩa Thọ,Tư Nghĩa,7199.999990334036
Tịnh Sơn,Sơn Tịnh,1600.0000088615343
Tịnh Bình,Sơn Tịnh,1200.0000017660204
Long Mai,Minh Long,1199.9999977112748
Long Sơn,Minh Long,17200.00001347973
Tịnh Trà,Sơn Tịnh,1200.0000193621963
Tịnh Sơn,Sơn Tịnh,2000.0000041315795
Tịnh Bình,Sơn Tịnh,1200.0000112329146
Ba Dinh,Ba Tơ,5999.999991925433
Ba Chùa,Ba Tơ,1200.0000013120007
Hành Dũng,Nghĩa Hành,10799.999975073151
Long Hiệp,Minh Long,4399.999972602818
Tịnh Bình,Sơn Tịnh,5199.999978609849
Tịnh Bình,Sơn Tịnh,2000.0000112305863
Long Sơn,Minh Long,1199.9999908264726
Tịnh Trà,Sơn Tịnh,2799.9999924516305
Nghĩa Thọ,Tư Nghĩa,11999.999939774862
Nghĩa Thọ,Tư Nghĩa,10400.000057637226
Tịnh Sơn,Sơn Tịnh,3999.999950635247
Ba Bích,Ba Tơ,29999.999972617952
Long Mai,Minh Long,1599.9999990081415
Ba Chùa,Ba Tơ,1600.0000137009192
Nghĩa Thắng,Tư Nghĩa,5600.000022861641
Tịnh Bình,Sơn Tịnh,1999.9999924260192
Tịnh Trà,Sơn Tịnh,4000.000012157252
Hành Dũng,Nghĩa Hành,1200.0000014575196
Hành Dũng,Nghĩa Hành,1199.9999948986804
Tịnh Bình,Sơn Tịnh,5600.000000684522
Ba Bích,Ba Tơ,18399.99996896484
Ba Bích,Ba Tơ,1999.9999952712096
Long Sơn,Minh Long,2800.0000210385774
Long Sơn,Minh Long,1600.0000230176374
Tịnh Trà,Sơn Tịnh,9600.00003982219
Bình Khương,Bình Sơn,1199.9999807821587
Ba Chùa,Ba Tơ,1599.9999567260968
Ba Vinh,Ba Tơ,3200.0000429793727
Long Hiệp,Minh Long,1599.9999844108243
Tịnh Sơn,Sơn Tịnh,35199.9999751139
Tịnh Bình,Sơn Tịnh,2800.0000301992986
Ba Bích,Ba Tơ,1199.9999860126993
Ba Bích,Ba Tơ,1200.000004292233
Long Mai,Minh Long,5999.999984701863
Long Sơn,Minh Long,1600.0000186357647
Bình Khương,Bình Sơn,1600.000015143305
Ba Bích,Ba Tơ,1199.9999735795427
Ba Vinh,Ba Tơ,6799.999971849611
Long Mai,Minh Long,7600.0000223796815
Long Sơn,Minh Long,2400.0000057346197
Long Sơn,Minh Long,1199.9999903223943
Long Sơn,Minh Long,2399.9999784654938
Hành Nhân,Nghĩa Hành,2000.0000070256644
Nghĩa Thắng,Tư Nghĩa,3200.0000033329707
Nghĩa Thuận,Tư Nghĩa,2399.999979152344
Long Mai,Minh Long,2800.000037600985
Long Sơn,Minh Long,23599.999996225815
Hành Dũng,Nghĩa Hành,13200.000011564698
Tịnh Trà,Sơn Tịnh,1199.9999896599911
Bình Nguyên,Bình Sơn,1599.999996169936
Hành Dũng,Nghĩa Hành,1199.99999589636
Long Mai,Minh Long,3599.9999890627805
Hành Nhân,Nghĩa Hành,5199.999951279024
Tịnh Sơn,Sơn Tịnh,4800.000013316749
Hành Dũng,Nghĩa Hành,1599.9999762373045
Long Mai,Minh Long,2399.9999861372635
Hành Nhân,Nghĩa Hành,6799.999998894054
Tịnh Bình,Sơn Tịnh,2400.0000028009526
Ba Vinh,Ba Tơ,2799.9999825248956
Long Hiệp,Minh Long,1600.0000122038184
Long Mai,Minh Long,2800.00002484885
Long Sơn,Minh Long,3599.999973338564
Hành Dũng,Nghĩa Hành,1199.9999779963398
Nghĩa Thọ,Tư Nghĩa,31999.999990455108
Thanh An,Minh Long,2000.000020172447
Ba Lế,Ba Tơ,1599.9999838438816
Hành Nhân,Nghĩa Hành,5199.9999781593215
Ba Chùa,Ba Tơ,1199.9999874923378
Nghĩa Thọ,Tư Nghĩa,3200.000047364738
Ba Lế,Ba Tơ,3599.9999792140443
Ba Chùa,Ba Tơ,2800.000022131717
Tịnh Bình,Sơn Tịnh,1999.9999950546771
Nghĩa Thuận,Tư Nghĩa,6000.000017134007
Bình Nguyên,Bình Sơn,5199.99995711958
Ba Vinh,Ba Tơ,5599.999972942751
Ba Dinh,Ba Tơ,5600.000061469618
Long Sơn,Minh Long,2400.0000089174137
Long Sơn,Minh Long,4399.999981551664
Hành Dũng,Nghĩa Hành,5199.999973681988
Tịnh Bình,Sơn Tịnh,1199.9999909347391
Long Sơn,Minh Long,19599.99997628387
Hành Nhân,Nghĩa Hành,14799.999956699321
Hành Nhân,Nghĩa Hành,15200.00004311325
Tịnh Trà,Sơn Tịnh,5200.000010533258
Ba Lế,Ba Tơ,12799.99997834093
Long Mai,Minh Long,18800.000057992293
Hành Nhân,Nghĩa Hành,1999.9999938602557
Nghĩa Thuận,Tư Nghĩa,1999.999976977706
Tịnh Bình,Sơn Tịnh,3599.999983528396
Ba Bích,Ba Tơ,9600.000013988465
Ba Vinh,Ba Tơ,1199.999978489941
Long Hiệp,Minh Long,1999.9999798822682
Long Mai,Minh Long,1599.9999949824996
Long Sơn,Minh Long,1999.9999989685598
Ba Bích,Ba Tơ,1200.0000347569585
Hành Nhân,Nghĩa Hành,10800.000024423935
Tịnh Bình,Sơn Tịnh,3999.999960848363
Long Mai,Minh Long,2400.0000176683534
Tịnh Bình,Sơn Tịnh,1200.0000000710131
Bình Trung,Bình Sơn,1200.0000136520248
Ba Chùa,Ba Tơ,1999.9999832781032
Long Hiệp,Minh Long,4799.999989676289
Tịnh Trà,Sơn Tịnh,1599.999989074422
Ba Bích,Ba Tơ,6399.999969487544
Ba Vinh,Ba Tơ,1200.0000157090835
Nghĩa Thuận,Tư Nghĩa,3200.0000456208363
Ba Vinh,Ba Tơ,9599.999991006916
Long Mai,Minh Long,2400.000007087365
Long Sơn,Minh Long,1200.0000234006438
Long Sơn,Minh Long,4800.000014633406
Hành Nhân,Nghĩa Hành,1999.9999911093614
Ba Vinh,Ba Tơ,2399.9999734025914
Long Mai,Minh Long,8799.999966862379
Nghĩa Thuận,Tư Nghĩa,4000.0000072503462
Bình Nguyên,Bình Sơn,1600.000003608875
Ba Vinh,Ba Tơ,3599.9999802047387
Long Mai,Minh Long,1199.999985768227
Hành Nhân,Nghĩa Hành,23599.99999329564
Bình Chánh,Bình Sơn,8400.000008952338
Ba Bích,Ba Tơ,1199.9999722640496
Long Hiệp,Minh Long,1999.9999951431528
Bình Chương,Bình Sơn,1600.000001518056
Long Hiệp,Minh Long,5600.000012217788
Long Mai,Minh Long,1199.9999969243072
Hành Dũng,Nghĩa Hành,5199.99999015592
Ba Chùa,Ba Tơ,1200.0000135600567
Ba Vinh,Ba Tơ,4800.00001182314
Bình Trung,Bình Sơn,5199.999977558618
Ba Bích,Ba Tơ,6399.999996703118
Ba Vinh,Ba Tơ,1200.000000471482
Nghĩa Kỳ,Tư Nghĩa,8800.000085198553
Hành Dũng,Nghĩa Hành,1599.9999747332186
Ba Chùa,Ba Tơ,1200.0000030628873
Nghĩa Thuận,Tư Nghĩa,14799.999992944067
Ba Vinh,Ba Tơ,1600.000024168985
Nghĩa Kỳ,Tư Nghĩa,3600.0000034319237
Long Mai,Minh Long,4000.000044378685
Ba Chùa,Ba Tơ,9199.999981964938
Hành Nhân,Nghĩa Hành,1199.9999878834935
Ba Chùa,Ba Tơ,1999.99998492538
Long Mai,Minh Long,1600.000017255079
Long Mai,Minh Long,3199.999993935926
Hành Nhân,Nghĩa Hành,2400.0000282819383
Hành Nhân,Nghĩa Hành,2800.0000222213566
Long Mai,Minh Long,1999.999984811293
Tịnh Bình,Sơn Tịnh,1199.9999858462252
Hành Nhân,Nghĩa Hành,3599.9999534571543
Hành Dũng,Nghĩa Hành,8000.000050733797
Bình Chánh,Bình Sơn,1199.9999930046035
Ba Lế,Ba Tơ,7200.000035719713
Hành Nhân,Nghĩa Hành,1599.9999940558337
Tịnh Trà,Sơn Tịnh,4399.999944210285
Bình Nguyên,Bình Sơn,4000.000015415717
Ba Bích,Ba Tơ,22399.99994076672
Ba Vinh,Ba Tơ,1599.9999885587022
Ba Vinh,Ba Tơ,11200.000036673155
Hành Dũng,Nghĩa Hành,40400.000050539384
Bình Nguyên,Bình Sơn,17600.000069520902
Bình Chánh,Bình Sơn,1199.9999937985558
Long Sơn,Minh Long,2400.000004370231
Bình Chánh,Bình Sơn,12000.000008564675
Long Sơn,Minh Long,12800.000003413297
Tịnh Trà,Sơn Tịnh,4399.999986906769
Ba Vinh,Ba Tơ,2000.0000236055348
Long Hiệp,Minh Long,23200.00003637746
Hành Dũng,Nghĩa Hành,5200.000040696468
Tịnh Bình,Sơn Tịnh,3199.9999705469236
Ba Chùa,Ba Tơ,1599.9999858275987
Ba Vinh,Ba Tơ,1600.0000077625737
Long Hiệp,Minh Long,1599.9999524070881
Hành Dũng,Nghĩa Hành,1600.000031616073
Tịnh Trà,Sơn Tịnh,5599.999969039345
Tịnh Trà,Sơn Tịnh,9200.000045254128
Ba Vinh,Ba Tơ,8799.999986831099
Ba Vinh,Ba Tơ,7199.999971652869
Ba Vinh,Ba Tơ,9200.000030748779
Long Hiệp,Minh Long,1600.0000235810876
Long Mai,Minh Long,9999.999968613265
Hành Dũng,Nghĩa Hành,2800.0000200863
Hành Dũng,Nghĩa Hành,1199.9999890115578
Tịnh Trà,Sơn Tịnh,1199.9999912246133
Long Sơn,Minh Long,6399.999990885844
Ba Tơ,Ba Tơ,7199.9999991373625
Long Hiệp,Minh Long,1200.0000351702333
Hành Dũng,Nghĩa Hành,1600.0000071676914
Tịnh Bình,Sơn Tịnh,2800.000022171298
Bình Nguyên,Bình Sơn,1199.999993153615
Ba Lế,Ba Tơ,1599.9999985762406
Hành Dũng,Nghĩa Hành,2800.0000297103543
Long Sơn,Minh Long,3200.000025415793
Long Sơn,Minh Long,3200.0000212469604
Nghĩa Kỳ,Tư Nghĩa,1599.9999732535798
Hành Nhân,Nghĩa Hành,5999.99997264822
Hành Dũng,Nghĩa Hành,16399.99999015825
Hành Dũng,Nghĩa Hành,2400.000008946517
Bình Nguyên,Bình Sơn,1599.9999902234413
Tịnh Bình,Sơn Tịnh,1199.9999831826424
Ba Bích,Ba Tơ,16799.999994093087
Long Hiệp,Minh Long,13599.999986522598
Tịnh Trà,Sơn Tịnh,3600.000030753436
Ba Lế,Ba Tơ,8799.999965255847
Ba Lế,Ba Tơ,1199.9999969801866
Hành Dũng,Nghĩa Hành,6800.0000392703805
Hành Dũng,Nghĩa Hành,1200.0000038393773
Bình Nguyên,Bình Sơn,5599.99999955995
Ba Vinh,Ba Tơ,1999.9999888206366
Long Mai,Minh Long,1600.0000350654589
Tịnh Trà,Sơn Tịnh,2400.0000187032856
Ba Bích,Ba Tơ,1600.0000011920927
Ba Vinh,Ba Tơ,2799.999972300139
Ba Vinh,Ba Tơ,3599.9999720964115
Ba Chùa,Ba Tơ,6000.000051469542
Long Hiệp,Minh Long,23599.999983831076
Long Sơn,Minh Long,2799.999971118523
Hành Dũng,Nghĩa Hành,4800.000023794128
Ba Bích,Ba Tơ,8799.99997526058
Ba Chùa,Ba Tơ,5599.999993066303
Long Sơn,Minh Long,1600.000006395858
Nghĩa Thuận,Tư Nghĩa,8399.99997537001
Ba Lế,Ba Tơ,2800.000018646242
Ba Lế,Ba Tơ,3999.999987985939
Long Sơn,Minh Long,2399.9999906425364
Bình Nguyên,Bình Sơn,12400.00001395354
Ba Vinh,Ba Tơ,5199.999988458585
Hành Nhân,Nghĩa Hành,1600.0000046216883
Ba Vinh,Ba Tơ,1600.0000149477273
Hành Dũng,Nghĩa Hành,1999.999992433004
Ba Lế,Ba Tơ,1199.999991110526
Nghĩa Kỳ,Tư Nghĩa,6000.000048594084
Ba Tơ,Ba Tơ,2000.0000179954802
Long Hiệp,Minh Long,3599.999998497078
Long Hiệp,Minh Long,1999.9999871652108
Long Mai,Minh Long,2000.0000344752334
Long Hiệp,Minh Long,2799.9999585328624
Hành Dũng,Nghĩa Hành,1199.9999986635519
Hành Dũng,Nghĩa Hành,1199.9999805365223
Long Mai,Minh Long,1999.9999968556222
Tịnh Bình,Sơn Tịnh,3599.999973442172
Ba Vinh,Ba Tơ,12800.000014795223
Ba Bích,Ba Tơ,1600.000003844034
Ba Vinh,Ba Tơ,2799.999951439677
Long Sơn,Minh Long,2399.999971082434
Hành Nhân,Nghĩa Hành,1200.0000025029294
Ba Tơ,Ba Tơ,14000.000008816132
Long Mai,Minh Long,2000.0000347290188
Bình Chương,Bình Sơn,1200.0000247335995
Ba Lế,Ba Tơ,2800.0000070384704
Long Hiệp,Minh Long,1200.0000155263112
Hành Nhân,Nghĩa Hành,1599.9999926402234
Ba Chùa,Ba Tơ,1199.9999901768751
Long Sơn,Minh Long,2000.000004826579
Long Sơn,Minh Long,2800.000020035077
Hành Nhân,Nghĩa Hành,1599.9999722698703
Hành Dũng,Nghĩa Hành,2399.9999993294477
Nghĩa Kỳ,Tư Nghĩa,2800.000035307603
Tịnh Trà,Sơn Tịnh,5600.000013088575
Hành Dũng,Nghĩa Hành,1600.0000259676015
Tịnh Trà,Sơn Tịnh,12400.00000731321
Long Mai,Minh Long,5999.999992802041
Tịnh Bình,Sơn Tịnh,4400.000024406472
Hành Dũng,Nghĩa Hành,2400.0000115740113
Tịnh Bình,Sơn Tịnh,1200.0000093819108
Hành Dũng,Nghĩa Hành,2800.000031889649
Tịnh Bình,Sơn Tịnh,14799.999966154573
Long Hiệp,Minh Long,2400.0000075274147
Hành Dũng,Nghĩa Hành,1200.000007280614
Long Hiệp,Minh Long,4000.0000025203917
Long Hiệp,Minh Long,2400.000003593741
Long Mai,Minh Long,2799.9999929824844
Long Hiệp,Minh Long,1999.9999841838144
Bình Trung,Bình Sơn,1199.9999874515925
Ba Bích,Ba Tơ,4800.000051493989
Ba Bích,Ba Tơ,3200.0000008300412
Ba Vinh,Ba Tơ,4400.000025909394
Ba Bích,Ba Tơ,4399.999964904273
Long Hiệp,Minh Long,2799.999998625135
Ba Bích,Ba Tơ,1200.000014635734
Long Mai,Minh Long,14800.00005042646
Long Mai,Minh Long,1600.000025808113
Hành Dũng,Nghĩa Hành,25600.000019005965
Ba Lế,Ba Tơ,1600.000017429702
Long Sơn,Minh Long,1599.9999761290383
Nghĩa Kỳ,Tư Nghĩa,11599.999991246732
Tịnh Bình,Sơn Tịnh,1200.0000044109765
Tịnh Bình,Sơn Tịnh,1199.9999815563206
Ba Bích,Ba Tơ,4799.999942596769
Ba Vinh,Ba Tơ,1200.0000167440157
Long Hiệp,Minh Long,2800.000006739283
Hành Dũng,Nghĩa Hành,10000.000027460046
Nghĩa Kỳ,Tư Nghĩa,8800.000016979175
Ba Tơ,Ba Tơ,6400.000047894428
Ba Vinh,Ba Tơ,9600.000040258747
Long Mai,Minh Long,1200.0000110536346
Hành Dũng,Nghĩa Hành,2800.000009017531
Hành Dũng,Nghĩa Hành,2799.9999656446744
Nghĩa Kỳ,Tư Nghĩa,3200.00000454369
Nghĩa Kỳ,Tư Nghĩa,2799.999992205994
Long Mai,Minh Long,4400.000017016428
Bình Chương,Bình Sơn,2799.9999805528205
Hành Nhân,Nghĩa Hành,1999.9999984842723
Nghĩa Kỳ,Tư Nghĩa,3599.999986554031
Tịnh Bình,Sơn Tịnh,3199.9999506107997
Ba Vinh,Ba Tơ,1199.9999801069494
Tịnh Sơn,Sơn Tịnh,17600.000014742836
Tịnh Bình,Sơn Tịnh,1599.9999957741238
Ba Vinh,Ba Tơ,5199.999938301044
Long Sơn,Minh Long,3200.00000279746
Ba Tơ,Ba Tơ,4399.99997433275
Ba Vinh,Ba Tơ,4399.999979814747
Long Mai,Minh Long,2800.0000182329677
Long Mai,Minh Long,7599.999953465303
Long Sơn,Minh Long,6400.000002927845
Ba Bích,Ba Tơ,2400.0000012281816
Ba Vinh,Ba Tơ,6800.000010498334
Long Hiệp,Minh Long,1600.0000361213458
Long Hiệp,Minh Long,4400.000027938513
Tịnh Sơn,Sơn Tịnh,17999.999964487506
Ba Vinh,Ba Tơ,1600.0000185589306
Long Hiệp,Minh Long,1600.00000267406
Ba Vinh,Ba Tơ,6399.999958660919
Nghĩa Kỳ,Tư Nghĩa,1199.9999668099915
Hành Nhân,Nghĩa Hành,1600.0000040105078
Hành Dũng,Nghĩa Hành,2000.0000060279854
Ba Vinh,Ba Tơ,4400.000024657929
Ba Cung,Ba Tơ,15600.000026884954
Long Mai,Minh Long,2399.999991665827
Hành Dũng,Nghĩa Hành,7199.99999138061
Bình Chương,Bình Sơn,1200.0000172329599
Ba Vinh,Ba Tơ,1600.0000219733922
Long Mai,Minh Long,2400.000006906921
Long Sơn,Minh Long,10000.000009078067
Ba Tơ,Ba Tơ,9199.999996279366
Ba Vinh,Ba Tơ,1600.0000131549314
Long Hiệp,Minh Long,1200.000008443603
Ba Cung,Ba Tơ,4399.999989063945
Long Hiệp,Minh Long,1199.9999899498653
Bình Chương,Bình Sơn,2399.999978619162
Ba Bích,Ba Tơ,4000.0000252516475
Ba Vinh,Ba Tơ,5199.999992590165
Ba Chùa,Ba Tơ,1199.999981210567
Ba Bích,Ba Tơ,4000.0000176858157
Ba Vinh,Ba Tơ,2399.9999773828313
Long Hiệp,Minh Long,3599.9999984074384
Long Mai,Minh Long,2000.0000102631745
Long Mai,Minh Long,1200.0000052701216
Hành Dũng,Nghĩa Hành,1199.9999893608037
Long Hiệp,Minh Long,3599.999978413107
Hành Dũng,Nghĩa Hành,18000.00002036919
Long Hiệp,Minh Long,1999.9999934225343
Long Hiệp,Minh Long,1599.9999775539618
Tịnh Thọ,Sơn Tịnh,1600.0000133248982
Ba Lế,Ba Tơ,1199.9999907065649
Ba Tơ,Ba Tơ,1599.9999949976338
Ba Bích,Ba Tơ,13200.000054985285
Long Hiệp,Minh Long,1199.9999932479116
Long Hiệp,Minh Long,2800.000000725267
Hành Dũng,Nghĩa Hành,2000.0000049185473
Ba Vinh,Ba Tơ,2400.0000118557364
Ba Lế,Ba Tơ,5600.000031576492
Hành Nhân,Nghĩa Hành,19199.999965194147
Ba Bích,Ba Tơ,3600.0000026251655
Ba Cung,Ba Tơ,3200.000042044558
Long Sơn,Minh Long,1999.9999836389907
Ba Bích,Ba Tơ,7600.000001118751
Ba Vinh,Ba Tơ,9600.000043337932
Long Sơn,Minh Long,1599.9999996856786
Ba Vinh,Ba Tơ,1599.9999951070638
Ba Vinh,Ba Tơ,5600.000008649658
Ba Vinh,Ba Tơ,1200.0000012503006
Hành Dũng,Nghĩa Hành,2399.9999967752956
Long Sơn,Minh Long,3600.000027390197
Ba Cung,Ba Tơ,5199.9999691254925
Bình Chương,Bình Sơn,1999.9999750358984
Long Sơn,Minh Long,3599.9999782303344
Hành Dũng,Nghĩa Hành,3199.999977777479
Bình Chương,Bình Sơn,2799.999973787926
Ba Lế,Ba Tơ,9200.000039190054
Long Mai,Minh Long,11199.999984700698
Tịnh Thọ,Sơn Tịnh,1200.0000016845297
Long Sơn,Minh Long,2000.000013808021
Long Sơn,Minh Long,1199.9999895133076
Tịnh Thọ,Sơn Tịnh,2799.9999902350833
Long Hiệp,Minh Long,10000.000039066654
Hành Dũng,Nghĩa Hành,4399.999986399198
Hành Dũng,Nghĩa Hành,1599.9999920104165
Tịnh Bình,Sơn Tịnh,1199.999999612337
Tịnh Bình,Sơn Tịnh,1199.9999975785613
Hành Dũng,Nghĩa Hành,4799.999980637804
Bình Chánh,Bình Sơn,1999.9999971000939
Tịnh Sơn,Sơn Tịnh,2800.0000552623533
Tịnh Bình,Sơn Tịnh,15200.000016231788
Long Sơn,Minh Long,16400.00001739012
Hành Dũng,Nghĩa Hành,4000.0000092061237
Hành Dũng,Nghĩa Hành,5200.000018938445
Ba Lế,Ba Tơ,3199.9999701674096
Ba Bích,Ba Tơ,2000.0000081083272
Ba Chùa,Ba Tơ,1599.9999880651012
Long Mai,Minh Long,1199.9999854550697
Ba Lế,Ba Tơ,1999.9999919510446
Ba Thành,Ba Tơ,8000.000022946624
Hành Nhân,Nghĩa Hành,2400.0000187568367
Hành Dũng,Nghĩa Hành,9600.000012691598
Ba Vinh,Ba Tơ,4400.00002689776
Long Mai,Minh Long,5199.9999836983625
Tịnh Thọ,Sơn Tịnh,4799.999978617998
Ba Vinh,Ba Tơ,3200.0000244623516
Long Hiệp,Minh Long,7999.999981021974
Tịnh Thọ,Sơn Tịnh,1200.0000024784822
Long Mai,Minh Long,3599.999987896299
Ba Vinh,Ba Tơ,5199.9999872921035
Long Mai,Minh Long,2399.9999998114067
Tịnh Thọ,Sơn Tịnh,4799.999993988313
Ba Lế,Ba Tơ,7600.00001323875
Ba Cung,Ba Tơ,13199.99994628015
Long Mai,Minh Long,6400.000015179394
Tịnh Bình,Sơn Tịnh,1600.0000148883555
Ba Lế,Ba Tơ,18399.999967906624
Ba Tơ,Ba Tơ,2000.0000437593553
Long Hiệp,Minh Long,2000.0000093039125
Long Mai,Minh Long,1600.0000078254382
Hành Dũng,Nghĩa Hành,9599.999978885753
Hành Dũng,Nghĩa Hành,2000.00001284061
Tịnh Thọ,Sơn Tịnh,2000.0000073714182
Tịnh Thọ,Sơn Tịnh,3600.0000139628546
Tịnh Thọ,Sơn Tịnh,2400.000013175886
Tịnh Thọ,Sơn Tịnh,6800.000034738332
Ba Thành,Ba Tơ,2399.9999990582
Ba Thành,Ba Tơ,4799.999978765845
Tịnh Bình,Sơn Tịnh,2799.9999991978984
Tịnh Thọ,Sơn Tịnh,1999.999979257118
Hành Dũng,Nghĩa Hành,1200.0000056670979
Hành Dũng,Nghĩa Hành,3600.0000123400246
Ba Thành,Ba Tơ,9999.999957184773
Tịnh Thọ,Sơn Tịnh,1200.0000143889336
Ba Lế,Ba Tơ,7600.000033234246
Long Sơn,Minh Long,11199.999947778415
Hành Dũng,Nghĩa Hành,2400.000005844049
Hành Dũng,Nghĩa Hành,7199.999977207044
Ba Thành,Ba Tơ,1199.9999868450689
Ba Lế,Ba Tơ,16799.999965359457
Long Mai,Minh Long,5200.000019776635
Ba Bích,Ba Tơ,4799.999987832271
Hành Tín Tây,Nghĩa Hành,8399.999995055841
Ba Tơ,Ba Tơ,1999.999997271225
Long Mai,Minh Long,1999.999998715939
Ba Lế,Ba Tơ,2399.999986748444
Ba Tơ,Ba Tơ,17199.99997771345
Ba Tơ,Ba Tơ,3599.9999925645534
Ba Cung,Ba Tơ,13199.999927132158
Ba Vinh,Ba Tơ,1200.000001413282
Long Sơn,Minh Long,1200.0000028521754
Ba Bích,Ba Tơ,1600.0000293226915
Ba Bích,Ba Tơ,1199.9999874504283
Ba Vinh,Ba Tơ,1999.999987395713
Ba Thành,Ba Tơ,15999.99995443155
Long Sơn,Minh Long,3999.999957687687
Ba Lế,Ba Tơ,3999.9999696726445
Long Mai,Minh Long,12000.000032366952
Hành Dũng,Nghĩa Hành,2799.999987608753
Ba Thành,Ba Tơ,13200.000004877802
Tịnh Thọ,Sơn Tịnh,2799.9999948916957
Ba Tơ,Ba Tơ,2799.999984665774
Hành Dũng,Nghĩa Hành,1999.9999865784775
Hành Dũng,Nghĩa Hành,1599.9999694956932
Ba Bích,Ba Tơ,1599.9999928264879
Ba Thành,Ba Tơ,1200.0000008090865
Ba Vinh,Ba Tơ,7600.000044159824
Ba Thành,Ba Tơ,2000.0000091793481
Long Sơn,Minh Long,9599.999949274352
Hành Dũng,Nghĩa Hành,1600.0000111572444
Tịnh Thọ,Sơn Tịnh,1200.0000041897874
Ba Thành,Ba Tơ,6400.000049765222
Ba Vinh,Ba Tơ,6400.000015140977
Ba Thành,Ba Tơ,2000.0000313413327
Hành Tín Tây,Nghĩa Hành,1599.999996125698
Ba Bích,Ba Tơ,1600.0000144261867
Long Sơn,Minh Long,3199.999976445688
Nghĩa Kỳ,Tư Nghĩa,3600.0000044575427
Ba Bích,Ba Tơ,3600.000005417969
Hành Nhân,Nghĩa Hành,1600.000035390258
Ba Lế,Ba Tơ,2000.000008478528
Ba Cung,Ba Tơ,1200.0000061781614
Ba Vinh,Ba Tơ,4400.00004452304
Long Mai,Minh Long,4400.000008820789
Ba Tơ,Ba Tơ,1999.9999923317228
Ba Lế,Ba Tơ,21999.999983231537
Ba Tơ,Ba Tơ,9599.999972877558
Ba Thành,Ba Tơ,27199.999995057005
Hành Nhân,Nghĩa Hành,1200.0000023772009
Tịnh Thọ,Sơn Tịnh,1600.0000337697566
Ba Thành,Ba Tơ,4399.999985394534
Ba Thành,Ba Tơ,1200.0000041525348
Long Mai,Minh Long,9600.00003074645
Nghĩa Kỳ,Tư Nghĩa,1599.99997836072
Bình Chương,Bình Sơn,5200.000003916211
Ba Lế,Ba Tơ,1200.0000086729415
Ba Bích,Ba Tơ,2000.0000016763806
Ba Tơ,Ba Tơ,1599.9999765027314
Hành Nhân,Nghĩa Hành,10799.999997020932
Ba Thành,Ba Tơ,1600.0000232108869
Hành Tín Tây,Nghĩa Hành,3199.9999762012158
Long Mai,Minh Long,1199.9999847682193
Ba Bích,Ba Tơ,2800.0000123342033
Hành Dũng,Nghĩa Hành,7600.00002826564
Bình Chương,Bình Sơn,1200.0000012153762
Ba Thành,Ba Tơ,2799.999999041902
Ba Thành,Ba Tơ,1999.9999971548093
Hành Dũng,Nghĩa Hành,5600.000010872027
Ba Bích,Ba Tơ,2000.0000108149834
Ba Thành,Ba Tơ,3200.0000251003075
Tịnh Thọ,Sơn Tịnh,3200.0000069045927
Ba Bích,Ba Tơ,11999.99998756568
Hành Tín Tây,Nghĩa Hành,1199.9999990302604
Ba Bích,Ba Tơ,1600.0000058708247
Ba Thành,Ba Tơ,4800.000026132911
Ba Lế,Ba Tơ,8000.000042892061
Hành Nhân,Nghĩa Hành,1600.0000141211788
Ba Tơ,Ba Tơ,15999.999945919262
Ba Thành,Ba Tơ,1999.9999835400379
Hành Tín Tây,Nghĩa Hành,14000.000001683366
Tịnh Thọ,Sơn Tịnh,4800.000015943078
Ba Thành,Ba Tơ,24399.999986672774
Hành Tín Tây,Nghĩa Hành,3199.9999584979378
Hành Dũng,Nghĩa Hành,4399.999996226979
Ba Lế,Ba Tơ,1999.9999513232617
Hành Dũng,Nghĩa Hành,1199.9999624234624
Hành Tín Tây,Nghĩa Hành,2400.00001442153
Hành Tín Tây,Nghĩa Hành,1999.9999885761645
Hành Dũng,Nghĩa Hành,1199.9999790661968
Tịnh Thọ,Sơn Tịnh,2799.9999748228583
Ba Lế,Ba Tơ,7599.999984808965
Ba Thành,Ba Tơ,2000.0000280223323
Hành Nhân,Nghĩa Hành,2000.0000048114453
Ba Thành,Ba Tơ,5199.999962648144
Hành Tín Tây,Nghĩa Hành,1200.0000075646676
Hành Tín Tây,Nghĩa Hành,1999.9999846541325
Long Mai,Minh Long,1600.0000015622936
Hành Nhân,Nghĩa Hành,2799.999991535442
Hành Nhân,Nghĩa Hành,1200.0000136846209
Ba Lế,Ba Tơ,4800.00000404194
Long Mai,Minh Long,2399.9999991967343
Ba Thành,Ba Tơ,15599.999963430455
Hành Tín Tây,Nghĩa Hành,1199.9999965180177
Long Mai,Minh Long,4400.000023855828
Long Sơn,Minh Long,4799.999979657587
Hành Dũng,Nghĩa Hành,2799.9999411590397
Ba Thành,Ba Tơ,18399.999993708916
Hành Nhân,Nghĩa Hành,2000.0000436243135
Ba Lế,Ba Tơ,1200.0000059069137
Hành Dũng,Nghĩa Hành,1600.0000076170545
Tịnh Thọ,Sơn Tịnh,9200.000048765214
Ba Thành,Ba Tơ,9200.000021570595
Ba Thành,Ba Tơ,1599.9999688530806
Hành Tín Tây,Nghĩa Hành,3600.000022520544
Ba Bích,Ba Tơ,5199.999997442355
Ba Lế,Ba Tơ,2400.0000571366404
Ba Lế,Ba Tơ,1599.9999883864075
Ba Cung,Ba Tơ,2000.0000071735121
Hành Tín Tây,Nghĩa Hành,2399.9999868916348
Ba Tơ,Ba Tơ,1599.9999912024941
Long Mai,Minh Long,1199.999994547106
Hành Tín Tây,Nghĩa Hành,7200.000005448237
Ba Thành,Ba Tơ,3600.0000042584725
Ba Bích,Ba Tơ,1600.000007986091
Ba Tơ,Ba Tơ,1199.9999936658426
Ba Tơ,Ba Tơ,1600.0000033248216
Ba Cung,Ba Tơ,19200.000067658257
Hành Tín Tây,Nghĩa Hành,3999.9999888194725
Hành Tín Tây,Nghĩa Hành,2399.99997557723
Ba Lế,Ba Tơ,1199.9999745970129
Ba Thành,Ba Tơ,1599.9999748065604
Ba Thành,Ba Tơ,4799.999987006886
Hành Tín Tây,Nghĩa Hành,9600.000017490238
Ba Lế,Ba Tơ,4799.999984152382
Ba Lế,Ba Tơ,3199.9999758182094
Ba Lế,Ba Tơ,30399.99994416721
Long Mai,Minh Long,3200.000029578805
Ba Thành,Ba Tơ,8399.999953608494
Hành Nhân,Nghĩa Hành,3599.9999857891817
Tịnh Thọ,Sơn Tịnh,8800.000017610146
Tịnh Thọ,Sơn Tịnh,3600.000029646326
Ba Lế,Ba Tơ,28400.000054704724
Ba Bích,Ba Tơ,86400.00000519212
Ba Bích,Ba Tơ,5599.999937696848
Ba Lế,Ba Tơ,4400.000000766013
Ba Bích,Ba Tơ,11600.000043257605
Long Mai,Minh Long,9999.999991469085
Tịnh Thọ,Sơn Tịnh,1600.000026142225
Tịnh Thọ,Sơn Tịnh,2000.0000425614421
Hành Tín Tây,Nghĩa Hành,6799.999982811278
Ba Lế,Ba Tơ,6800.000033130636
Hành Dũng,Nghĩa Hành,1199.999995524995
Tịnh Thọ,Sơn Tịnh,4399.999968850752
Ba Lế,Ba Tơ,5599.999946231255
Nghĩa Kỳ,Tư Nghĩa,2000.0000277569052
Ba Thành,Ba Tơ,5199.999991928926
Ba Bích,Ba Tơ,9999.999979849672
Ba Cung,Ba Tơ,4399.999982267618
Ba Thành,Ba Tơ,9600.000008308562
Ba Lế,Ba Tơ,3599.9999867624138
Ba Thành,Ba Tơ,2400.0000111036934
Ba Thành,Ba Tơ,1999.9999768671114
Ba Thành,Ba Tơ,11199.99996466795
Hành Tín Tây,Nghĩa Hành,1600.0000247196294
Ba Lế,Ba Tơ,8000.0000098499
Hành Tín Tây,Nghĩa Hành,1199.9999763304368
Ba Thành,Ba Tơ,15999.999929587357
Hành Tín Tây,Nghĩa Hành,1999.9999770207796
Ba Lế,Ba Tơ,5199.999998501735
Ba Thành,Ba Tơ,22399.999930328922
Hành Tín Tây,Nghĩa Hành,2400.0000008789357
Ba Lế,Ba Tơ,2399.999970202334
Ba Thành,Ba Tơ,14800.000032143435
Tịnh Thọ,Sơn Tịnh,5200.000015725382
Ba Thành,Ba Tơ,5999.999946383759
Ba Thành,Ba Tơ,1199.9999889126047
Nghĩa Kỳ,Tư Nghĩa,1600.0000212236778
Ba Tơ,Ba Tơ,32399.999947121833
Hành Tín Tây,Nghĩa Hành,1599.9999987101182
Hành Tín Tây,Nghĩa Hành,3599.999972562073
Ba Bích,Ba Tơ,7599.999983317684
Ba Tơ,Ba Tơ,26799.999959673733
Tịnh Thọ,Sơn Tịnh,1999.9999803095125
Ba Thành,Ba Tơ,1199.999994331738
Tịnh Thọ,Sơn Tịnh,4799.99997848412
Nghĩa Kỳ,Tư Nghĩa,1999.9999901466072
Ba Tơ,Ba Tơ,2400.0000272737816
Long Mai,Minh Long,3600.0000019650906
Ba Bích,Ba Tơ,13200.000029340154
Ba Thành,Ba Tơ,2399.9999758997
Nghĩa Kỳ,Tư Nghĩa,1600.0000049348455
Ba Lế,Ba Tơ,7600.000005783513
Ba Bích,Ba Tơ,1200.0000020640437
Hành Tín Tây,Nghĩa Hành,4799.999999385327
Hành Tín Tây,Nghĩa Hành,6800.000054374104
Ba Lế,Ba Tơ,2799.999995388789
Ba Bích,Ba Tơ,13600.000029960647
Hành Tín Tây,Nghĩa Hành,21200.000089798123
Tịnh Thọ,Sơn Tịnh,2799.999970644712
Ba Thành,Ba Tơ,18400.0000168907
Hành Tín Tây,Nghĩa Hành,4000.0000054377597
Hành Dũng,Nghĩa Hành,1599.999972836813
Ba Lế,Ba Tơ,8000.000019754516
Long Sơn,Minh Long,18400.000032869866
Ba Lế,Ba Tơ,4400.000057112193
Ba Thành,Ba Tơ,4399.999999102438
Long Mai,Minh Long,3599.999980260618
Tịnh Thọ,Sơn Tịnh,1600.0000163319055
Hành Tín Tây,Nghĩa Hành,9199.999994839307
Ba Lế,Ba Tơ,6400.000036456622
Ba Thành,Ba Tơ,1199.9999980058055
Hành Nhân,Nghĩa Hành,1200.0000124878716
Ba Lế,Ba Tơ,3200.000005804468
Hành Tín Tây,Nghĩa Hành,6799.999987508636
Ba Bích,Ba Tơ,2000.0000293436465
Hành Tín Tây,Nghĩa Hành,2400.000010346994
Long Mai,Minh Long,2800.0000269443262
Nghĩa Kỳ,Tư Nghĩa,1200.0000060827006
Nghĩa Điền,Tư Nghĩa,2400.0000020931475
Bình Long,Bình Sơn,7199.999998945277
Ba Lế,Ba Tơ,1200.000021281885
Ba Cung,Ba Tơ,8399.999980722787
Hành Dũng,Nghĩa Hành,8000.000003294554
Ba Lế,Ba Tơ,2000.0000325776632
Ba Lế,Ba Tơ,1199.999974886887
Ba Thành,Ba Tơ,9200.000051270472
Ba Bích,Ba Tơ,1599.9999907659367
Hành Tín Tây,Nghĩa Hành,234399.99998217216
Hành Tín Tây,Nghĩa Hành,1600.0000058917792
Ba Thành,Ba Tơ,16800.00003915513
Hành Tín Tây,Nghĩa Hành,3199.999985875329
Ba Lế,Ba Tơ,3199.999973279191
Ba Cung,Ba Tơ,1200.0000041036396
Tịnh Hà,Sơn Tịnh,3199.999957989203
Ba Lế,Ba Tơ,1200.0000001618173
Long Mai,Minh Long,2000.0000199920032
Hành Thiện,Nghĩa Hành,6000.000035486883
Ba Cung,Ba Tơ,11599.999982831068
Tịnh Thọ,Sơn Tịnh,3600.000033110846
Ba Lế,Ba Tơ,5600.0000270525925
Hành Tín Tây,Nghĩa Hành,3199.9999808054417
Ba Lế,Ba Tơ,1599.9999983957966
Tịnh Thọ,Sơn Tịnh,3200.0000186485704
Ba Lế,Ba Tơ,4000.0000149931293
Ba Thành,Ba Tơ,2000.0000000058208
Ba Lế,Ba Tơ,4800.000014480902
Ba Cung,Ba Tơ,7599.999963192968
Ba Thành,Ba Tơ,3600.0000084901694
Hành Tín Tây,Nghĩa Hành,1200.0000046379864
Tịnh Thọ,Sơn Tịnh,1599.999993739184
Hành Tín Tây,Nghĩa Hành,4400.000029213261
Ba Lế,Ba Tơ,5999.999952894868
Ba Lế,Ba Tơ,2799.99998895335
Hành Thiện,Nghĩa Hành,1200.0000000954606
Ba Lế,Ba Tơ,3199.9999584979378
Ba Thành,Ba Tơ,1599.9999766785186
Ba Lế,Ba Tơ,3200.0000227463897
Ba Thành,Ba Tơ,1199.9999949801713
Hành Tín Tây,Nghĩa Hành,7200.000015782425
Hành Thiện,Nghĩa Hành,3999.999971240759
Nghĩa Điền,Tư Nghĩa,3200.000002932502
Ba Thành,Ba Tơ,2000.000014414545
Tịnh Thọ,Sơn Tịnh,2400.000010234071
Ba Tơ,Ba Tơ,10000.000018010614
Ba Thành,Ba Tơ,9999.999984621536
Hành Thiện,Nghĩa Hành,74799.99997668783
Hành Thiện,Nghĩa Hành,1600.0000121735502
Ba Cung,Ba Tơ,4000.000004693866
Ba Thành,Ba Tơ,3600.0000021164306
Ba Thành,Ba Tơ,6800.000007863855
Tịnh Thọ,Sơn Tịnh,2000.0000470341188
Ba Động,Ba Tơ,3199.999991997611
Ba Thành,Ba Tơ,3999.9999919428956
Ba Lế,Ba Tơ,3200.000002346933
Ba Cung,Ba Tơ,2000.0000348989854
Hành Tín Tây,Nghĩa Hành,2800.0000247068238
Ba Lế,Ba Tơ,3200.0000012782402
Ba Tơ,Ba Tơ,3200.0000472413376
Ba Thành,Ba Tơ,4399.999994019745
Ba Thành,Ba Tơ,3599.999991785735
Hành Nhân,Nghĩa Hành,4800.000038737198
Ba Lế,Ba Tơ,2399.9999892746564
Hành Tín Tây,Nghĩa Hành,18799.999983604066
Nghĩa Điền,Tư Nghĩa,1599.9999954062514
Long Mai,Minh Long,3599.999987269985
Ba Lế,Ba Tơ,14000.000025973422
Ba Tơ,Ba Tơ,6399.999925694428
Hành Tín Tây,Nghĩa Hành,6000.000017465791
Hành Tín Tây,Nghĩa Hành,5200.000006451737
Hành Tín Tây,Nghĩa Hành,2400.000005426118
Long Mai,Minh Long,14400.00004105037
Hành Thiện,Nghĩa Hành,1999.9999992584344
Hành Thuận,Nghĩa Hành,6800.000020294683
Ba Thành,Ba Tơ,1600.0000151561107
Hành Tín Tây,Nghĩa Hành,2399.9999813362956
Tịnh Hà,Sơn Tịnh,3999.99999381369
Ba Thành,Ba Tơ,3599.999981257133
Hành Tín Tây,Nghĩa Hành,1199.9999995774124
Tịnh Thọ,Sơn Tịnh,1200.0000126229133
Tịnh Thọ,Sơn Tịnh,1599.9999712698632
Ba Bích,Ba Tơ,2799.999983074377
Ba Lế,Ba Tơ,2399.9999573349487
Hành Thiện,Nghĩa Hành,8399.999998903368
Hành Minh,Nghĩa Hành,1200.0000085262582
Ba Lế,Ba Tơ,3600.000036044512
Ba Động,Ba Tơ,1199.999983094167
Ba Lế,Ba Tơ,4799.9999490135815
Ba Lế,Ba Tơ,2000.0000124587675
Ba Lế,Ba Tơ,2800.0000160210766
Chợ Chùa,Nghĩa Hành,2000.0000171293505
Ba Lế,Ba Tơ,6000.000014217803
Ba Động,Ba Tơ,1200.0000267033463
Hành Minh,Nghĩa Hành,1199.99998369487
Hành Tín Tây,Nghĩa Hành,2399.999986125622
Hành Thiện,Nghĩa Hành,62799.999896760564
Ba Lế,Ba Tơ,1999.9999816110358
Ba Lế,Ba Tơ,1999.999986148905
Hành Tín Tây,Nghĩa Hành,1200.000025796471
Hành Tín Tây,Nghĩa Hành,2799.999983974267
Hành Minh,Nghĩa Hành,1600.0000002468003
Ba Cung,Ba Tơ,1600.0000064307824
Ba Cung,Ba Tơ,1199.9999903934076
Ba Động,Ba Tơ,8399.999984842725
Chợ Chùa,Nghĩa Hành,2000.0000014260875
Ba Thành,Ba Tơ,2399.999997486593
Hành Thiện,Nghĩa Hành,11600.000096058939
Ba Cung,Ba Tơ,4799.999992992962
Ba Lế,Ba Tơ,2000.0000170466956
Ba Tơ,Ba Tơ,10000.000011275988
Ba Cung,Ba Tơ,2000.0000109081154
Chợ Chùa,Nghĩa Hành,1199.9999843968544
Hành Minh,Nghĩa Hành,1200.0000073353294
Ba Cung,Ba Tơ,2399.9999658262823
Hành Thiện,Nghĩa Hành,2000.0000062119218
Hành Thuận,Nghĩa Hành,1199.9999981524886
Ba Động,Ba Tơ,2400.000027713832
Hành Tín Tây,Nghĩa Hành,2800.000001572771
Hành Thiện,Nghĩa Hành,4000.0000154669397
Hành Minh,Nghĩa Hành,2399.9999998346902
Ba Tơ,Ba Tơ,2399.9999954225495
Ba Cung,Ba Tơ,7600.000031738309
Ba Động,Ba Tơ,6000.000014140969
Hành Thiện,Nghĩa Hành,1200.0000034389086
Chợ Chùa,Nghĩa Hành,6399.999989453936
Hành Minh,Nghĩa Hành,7600.000016592676
Ba Cung,Ba Tơ,1200.0000006402843
Hành Tín Tây,Nghĩa Hành,11200.000068200752
Ba Thành,Ba Tơ,2800.000005372567
Ba Cung,Ba Tơ,2000.0000154413283
Long Mai,Minh Long,1200.0000066356736
Ba Tơ,Ba Tơ,12799.999983883463
Ba Cung,Ba Tơ,2399.9999795341864
Ba Động,Ba Tơ,1200.0000035727862
Long Mai,Minh Long,4000.000014042016
Hành Minh,Nghĩa Hành,3600.000022854656
Ba Động,Ba Tơ,10799.9999843142
Hành Đức,Nghĩa Hành,3199.999999976717
Ba Động,Ba Tơ,6000.000000030268
Ba Động,Ba Tơ,12799.99999290565
Ba Thành,Ba Tơ,2799.99995959457
Hành Thiện,Nghĩa Hành,1199.9999996484257
Hành Đức,Nghĩa Hành,4799.999966354808
Hành Đức,Nghĩa Hành,2800.0000244705006
Hành Đức,Nghĩa Hành,1599.999990949873
Hành Đức,Nghĩa Hành,2800.000019297004
Ba Lế,Ba Tơ,1200.000005508773
Hành Tín Tây,Nghĩa Hành,1600.0000030628871
Bình Long,Bình Sơn,5199.999993756646
Ba Động,Ba Tơ,2800.000004604226
Hành Thiện,Nghĩa Hành,1199.9999874713828
Hành Thiện,Nghĩa Hành,6400.000023579923
Bình Hiệp,Bình Sơn,1200.0000070873648
Hành Thiện,Nghĩa Hành,1599.9999957717955
Hành Thiện,Nghĩa Hành,11599.999995384132
Ba Động,Ba Tơ,12000.00001044944
Ba Động,Ba Tơ,1599.9999892711642
Ba Thành,Ba Tơ,20399.99999785563
Hành Minh,Nghĩa Hành,1199.9999593291434
Hành Đức,Nghĩa Hành,3199.999994378304
Hành Đức,Nghĩa Hành,1200.0000124028884
Hành Đức,Nghĩa Hành,5600.000013827812
Hành Minh,Nghĩa Hành,8000.000015200349
Ba Cung,Ba Tơ,2399.9999685864896
Hành Đức,Nghĩa Hành,19200.00009850948
Hành Minh,Nghĩa Hành,3200.0000442552846
Ba Thành,Ba Tơ,19200.000060364837
Ba Cung,Ba Tơ,2400.0000251398887
Hành Đức,Nghĩa Hành,58399.99983305228
Hành Tín Tây,Nghĩa Hành,4800.000005491311
Ba Thành,Ba Tơ,2000.0000189233103
Hành Đức,Nghĩa Hành,6000.000058909645
Hành Đức,Nghĩa Hành,7600.000027577626
Ba Bích,Ba Tơ,1200.0000112946145
Ba Thành,Ba Tơ,1999.9999934993687
Hành Tín Đông,Nghĩa Hành,1599.9999998358544
Hành Đức,Nghĩa Hành,1199.9999867752192
Ba Cung,Ba Tơ,3200.00003203284
Hành Minh,Nghĩa Hành,1599.9999940092675
Ba Trang,Ba Tơ,1200.0000051641834
Ba Thành,Ba Tơ,1199.9999716109596
Hành Tín Đông,Nghĩa Hành,1200.0000081479086
Hành Đức,Nghĩa Hành,3199.9999728414687
Hành Tín Đông,Nghĩa Hành,23200.000036605634
Ba Cung,Ba Tơ,15999.999988713535
Hành Tín Đông,Nghĩa Hành,1599.9999978439882
Hành Đức,Nghĩa Hành,4799.999940481503
Ba Thành,Ba Tơ,3200.000000614673
Hành Tín Đông,Nghĩa Hành,1199.9999764037784
Hành Tín Đông,Nghĩa Hành,3199.9999809917063
Ba Thành,Ba Tơ,6400.000056138961
Ba Thành,Ba Tơ,4000.00001015258
Hành Đức,Nghĩa Hành,3200.000015271362
Ba Thành,Ba Tơ,1599.9999691161793
Hành Tín Đông,Nghĩa Hành,8800.000040933955
Ba Bích,Ba Tơ,4000.000042215688
Ba Thành,Ba Tơ,1999.999978502747
Hành Tín Tây,Nghĩa Hành,1600.0000026635828
Bình Đông,Bình Sơn,1199.9999964260498
Hành Tín Đông,Nghĩa Hành,1600.0000084110068
Hành Tín Đông,Nghĩa Hành,7199.999945093878
Hành Tín Tây,Nghĩa Hành,2400.000001313165
Ba Cung,Ba Tơ,12399.999953287188
Ba Cung,Ba Tơ,1199.9999919510444
Ba Cung,Ba Tơ,2000.0000120513141
Ba Cung,Ba Tơ,1200.000038269209
Hành Đức,Nghĩa Hành,1999.999997651903
Hành Minh,Nghĩa Hành,1199.9999869486783
Hành Đức,Nghĩa Hành,1600.0000173563603
Ba Tơ,Ba Tơ,4399.999977512052
Hành Tín Đông,Nghĩa Hành,2000.0000361388084
Hành Minh,Nghĩa Hành,1999.9999798927456
Bình Đông,Bình Sơn,1600.0000145216477
Hành Tín Đông,Nghĩa Hành,1199.9999923491848
Ba Cung,Ba Tơ,3999.999987789197
Hành Tín Đông,Nghĩa Hành,4000.0000217580236
Hành Thiện,Nghĩa Hành,4000.0000028207432
Ba Cung,Ba Tơ,3200.000003717141
Ba Cung,Ba Tơ,1599.9999893992208
Hành Tín Đông,Nghĩa Hành,1199.9999882804698
Hành Tín Đông,Nghĩa Hành,1999.9999983701855
Ba Thành,Ba Tơ,1199.9999948684126
Ba Cung,Ba Tơ,3599.9999989930075
Hành Tín Đông,Nghĩa Hành,1199.9999871256293
Bình Đông,Bình Sơn,1600.000011069933
Ba Cung,Ba Tơ,3200.0000188103877
Hành Tín Đông,Nghĩa Hành,1600.0000223354436
Hành Tín Đông,Nghĩa Hành,5199.999980999855
Ba Thành,Ba Tơ,4799.999983545858
Hành Tín Đông,Nghĩa Hành,8399.999900424154
Hành Tín Đông,Nghĩa Hành,1199.9999865342397
Ba Thành,Ba Tơ,14799.99992866884
Hành Tín Đông,Nghĩa Hành,2800.0000017706775
Hành Tín Đông,Nghĩa Hành,4399.999971820507
Ba Thành,Ba Tơ,6000.000010231743
Hành Tín Đông,Nghĩa Hành,22800.000019501895
Ba Thành,Ba Tơ,3999.9999397504143
Bình Đông,Bình Sơn,4000.000020158477
Ba Thành,Ba Tơ,8800.000009104842
Hành Tín Đông,Nghĩa Hành,4800.000012452947
Ba Cung,Ba Tơ,10799.99997676001
Bình Đông,Bình Sơn,1600.0000182294752
Hành Thiện,Nghĩa Hành,2000.0000094634013
Ba Cung,Ba Tơ,4399.9999833037145
Hành Tín Đông,Nghĩa Hành,1199.9999759765342
Hành Đức,Nghĩa Hành,1200.0000068172812
Ba Thành,Ba Tơ,4000.0000213249587
Hành Tín Đông,Nghĩa Hành,32800.00000026659
Hành Thiện,Nghĩa Hành,1999.999993321253
Hành Thiện,Nghĩa Hành,11999.999949967023
Ba Thành,Ba Tơ,6399.999993502861
Ba Trang,Ba Tơ,2399.9999841873073
Hành Tín Đông,Nghĩa Hành,16000.000075217104
Bình Phước,Bình Sơn,1999.999991875375
Ba Thành,Ba Tơ,5599.999972736696
Hành Tín Đông,Nghĩa Hành,17199.99995708
Hành Tín Đông,Nghĩa Hành,10799.999939590925
Ba Thành,Ba Tơ,1200.0000005587935
Ba Thành,Ba Tơ,1200.0000060035381
Ba Cung,Ba Tơ,2000.0000162818467
Hành Tín Đông,Nghĩa Hành,1199.999987873016
Hành Tín Đông,Nghĩa Hành,3599.99998326879
Hành Thiện,Nghĩa Hành,1200.000015690457
Hành Thiện,Nghĩa Hành,8000.0000183878
Hành Tín Đông,Nghĩa Hành,1200.0000061036553
Hành Thiện,Nghĩa Hành,2000.0000060605819
Hành Thiện,Nghĩa Hành,6799.999982494628
Hành Tín Đông,Nghĩa Hành,20799.999983098824
Hành Đức,Nghĩa Hành,2400.000016174745
Bình Đông,Bình Sơn,13200.00001110253
Bình Phước,Bình Sơn,1200.000017196871
Ba Cung,Ba Tơ,1599.9999737995677
Hành Tín Đông,Nghĩa Hành,1600.0000079325398
Hành Tín Đông,Nghĩa Hành,6399.999919880647
Hành Thiện,Nghĩa Hành,3599.9999895191286
Hành Tín Đông,Nghĩa Hành,27599.99996782164
Hành Tín Đông,Nghĩa Hành,15199.999982295558
Hành Tín Đông,Nghĩa Hành,3199.9999869568273
Hành Tín Đông,Nghĩa Hành,1600.0000113295391
Ba Thành,Ba Tơ,3199.9999834166374
Hành Tín Đông,Nghĩa Hành,1200.0000088301022
Hành Tín Đông,Nghĩa Hành,2399.999998974381
Hành Tín Đông,Nghĩa Hành,2000.0000141782218
Ba Thành,Ba Tơ,1200.000007133931
Hành Thiện,Nghĩa Hành,1200.000041703461
Hành Thiện,Nghĩa Hành,2399.9999926344026
Bình Đông,Bình Sơn,1200.0000136729795
Ba Động,Ba Tơ,1200.0000109791288
Hành Tín Đông,Nghĩa Hành,4800.000023163157
Hành Tín Đông,Nghĩa Hành,1199.9999870872125
Tịnh Phong,Sơn Tịnh,2000.0000100582838
Bình Đông,Bình Sơn,1200.000008563511
Ba Cung,Ba Tơ,11600.000003179302
Hành Tín Đông,Nghĩa Hành,8800.000069241505
Hành Tín Đông,Nghĩa Hành,14400.000016895356
Hành Tín Đông,Nghĩa Hành,2399.999997240957
Hành Tín Đông,Nghĩa Hành,1599.9999748030675
Hành Tín Đông,Nghĩa Hành,7599.999969101045
Tịnh Phong,Sơn Tịnh,1200.0000069965608
Hành Tín Đông,Nghĩa Hành,1200.0000235042535
Hành Tín Đông,Nghĩa Hành,7599.999986276962
Hành Tín Đông,Nghĩa Hành,7200.000026694033
Hành Thiện,Nghĩa Hành,35200.00006041606
Nghĩa Trung,Tư Nghĩa,1200.000009270152
Ba Động,Ba Tơ,3999.999981112778
Hành Thịnh,Nghĩa Hành,1600.0000036240087
Ba Động,Ba Tơ,2400.0000090466347
Hành Tín Đông,Nghĩa Hành,20800.000018866267
Hành Thiện,Nghĩa Hành,8000.000019890722
Hành Thiện,Nghĩa Hành,1200.0000106880905
Hành Thiện,Nghĩa Hành,1599.999988807831
Bình Hiệp,Bình Sơn,3200.000010598451
Hành Tín Đông,Nghĩa Hành,10800.000011883676
Hành Tín Đông,Nghĩa Hành,1999.9999725294767
Hành Tín Đông,Nghĩa Hành,2800.0000108988024
Hành Thịnh,Nghĩa Hành,2400.0000087427907
Ba Cung,Ba Tơ,1600.0000039115548
Hành Tín Đông,Nghĩa Hành,4799.999955225503
Hành Thiện,Nghĩa Hành,1200.0000167940743
Bình Hiệp,Bình Sơn,3200.0000183458906
Hành Tín Đông,Nghĩa Hành,1199.999999689171
Hành Thiện,Nghĩa Hành,3600.000018302817
Hành Thiện,Nghĩa Hành,1600.0000355357772
Hành Tín Đông,Nghĩa Hành,5600.0000264903065
Hành Tín Đông,Nghĩa Hành,7999.999987226911
Bình Đông,Bình Sơn,1200.0000063655898
Hành Thiện,Nghĩa Hành,2000.0000144005753
Hành Đức,Nghĩa Hành,1199.9999876262152
Hành Thiện,Nghĩa Hành,1599.999998057028
Hành Tín Đông,Nghĩa Hành,42000.00001793844
Hành Tín Đông,Nghĩa Hành,5199.999972608639
Bình Đông,Bình Sơn,1200.0000074098352
Hành Tín Đông,Nghĩa Hành,2799.9999947694596
Hành Tín Đông,Nghĩa Hành,11200.000019698637
Hành Đức,Nghĩa Hành,1600.0000103306952
Hành Thiện,Nghĩa Hành,6799.999996586703
Bình Phước,Bình Sơn,1200.0000021629967
Ba Động,Ba Tơ,6000.000047157519
Hành Tín Đông,Nghĩa Hành,24800.00005129492
Ba Trang,Ba Tơ,1199.9999892909548
Bình Phước,Bình Sơn,2000.0000266602729
Bình Đông,Bình Sơn,2400.000015483238
Hành Thịnh,Nghĩa Hành,1600.000012575183
Hành Tín Đông,Nghĩa Hành,22399.999967723852
Hành Thiện,Nghĩa Hành,1199.999986756593
Hành Thịnh,Nghĩa Hành,12799.99999078107
Bình Trị,Bình Sơn,3200.0000180804636
Hành Thiện,Nghĩa Hành,1200.0000237033237
Ba Động,Ba Tơ,2399.99997092993
Hành Tín Đông,Nghĩa Hành,1600.0000042980537
Hành Tín Đông,Nghĩa Hành,17199.999989778735
Đức Phú,Mộ Đức,3999.999979387503
Hành Thiện,Nghĩa Hành,1599.9999887810554
Hành Thiện,Nghĩa Hành,1199.999982290901
Ba Động,Ba Tơ,3999.9999914097134
Đức Phú,Mộ Đức,5599.999996633269
Hành Thiện,Nghĩa Hành,27599.999960979912
Bình Trị,Bình Sơn,2399.999973846134
Hành Thiện,Nghĩa Hành,4800.000011546072
Hành Thịnh,Nghĩa Hành,3600.0000057031866
Hành Tín Đông,Nghĩa Hành,7599.999976240797
Hành Thịnh,Nghĩa Hành,6400.000011059456
Ba Liên,Ba Tơ,3199.999991407385
Hành Thiện,Nghĩa Hành,21599.999976612162
Hành Thịnh,Nghĩa Hành,1599.999987591291
Hành Tín Đông,Nghĩa Hành,2000.0000028091017
Hành Thịnh,Nghĩa Hành,1200.000013181707
Hành Thịnh,Nghĩa Hành,10400.000004862668
Hành Thịnh,Nghĩa Hành,1199.9999862816185
Đức Phú,Mộ Đức,1199.9999892851338
Hành Thịnh,Nghĩa Hành,12000.000012553064
Bình Thanh Tây,Bình Sơn,5199.999942743452
Hành Thịnh,Nghĩa Hành,11600.000007009367
Ba Liên,Ba Tơ,1999.999995114049
Hành Tín Đông,Nghĩa Hành,4399.999981143046
Đức Phú,Mộ Đức,2000.0000566674867
Ba Động,Ba Tơ,9600.000051977113
Hành Tín Đông,Nghĩa Hành,1199.9999893689528
Đức Phú,Mộ Đức,2000.0000133400317
Ba Liên,Ba Tơ,4400.000017052516
Hành Phước,Nghĩa Hành,1999.9999956402462
Ba Liên,Ba Tơ,1600.0000102946071
Ba Liên,Ba Tơ,1599.9999590066727
Ba Liên,Ba Tơ,2000.0000176369213
Ba Liên,Ba Tơ,2000.0000366393942
Hành Thịnh,Nghĩa Hành,7600.000009970972
Ba Liên,Ba Tơ,20800.000021030428
Ba Liên,Ba Tơ,3199.9999887822196
Hành Thịnh,Nghĩa Hành,12399.999968087068
Ba Liên,Ba Tơ,2399.99997721985
Bình Phước,Bình Sơn,1199.9999976949766
Hành Phước,Nghĩa Hành,1200.0000237056522
Bình Phước,Bình Sơn,2000.0000041525345
Hành Tín Đông,Nghĩa Hành,6800.0000455079135
Bình Phước,Bình Sơn,3999.9999919498805
Hành Tín Đông,Nghĩa Hành,1200.0000274495687
Ba Liên,Ba Tơ,2400.0000173563603
Hành Đức,Nghĩa Hành,1599.999984619208
Bình Trị,Bình Sơn,10000.000006946502
Bình Phước,Bình Sơn,2800.000014809193
Hành Tín Đông,Nghĩa Hành,1199.9999931524508
Hành Phước,Nghĩa Hành,11600.000037931604
Bình Phước,Bình Sơn,2399.999993282836
Bình Phước,Bình Sơn,2800.0000099337194
Hành Thịnh,Nghĩa Hành,1600.0000127754174
Hành Tín Đông,Nghĩa Hành,2799.9999830999877
Ba Liên,Ba Tơ,7600.0000365194865
Ba Động,Ba Tơ,22799.999937852845
Bình Phước,Bình Sơn,1599.9999974074308
Ba Liên,Ba Tơ,2000.0000288838055
Đức Phú,Mộ Đức,32800.00001558103
Hành Thịnh,Nghĩa Hành,2000.0000004039612
Hành Tín Đông,Nghĩa Hành,2400.0000350247137
Ba Liên,Ba Tơ,1599.9999920220582
Hành Phước,Nghĩa Hành,1600.0000241398811
Đức Phú,Mộ Đức,1199.9999840499368
Hành Thịnh,Nghĩa Hành,2399.9999899358954
Tịnh Phong,Sơn Tịnh,13600.000035368139
Ba Động,Ba Tơ,6799.999960033456
Hành Tín Đông,Nghĩa Hành,4399.999964078888
Ba Liên,Ba Tơ,8000.000010424992
Ba Liên,Ba Tơ,1199.999992341036
Ba Động,Ba Tơ,2800.0000050128438
Tịnh Phong,Sơn Tịnh,1200.0000232364985
Ba Liên,Ba Tơ,3200.000000707805
Hành Phước,Nghĩa Hành,1999.9999651755206
Ba Liên,Ba Tơ,1200.0000270234887
Ba Liên,Ba Tơ,2400.0000073201954
Đức Phú,Mộ Đức,5199.999974262901
Hành Thịnh,Nghĩa Hành,5999.999967308249
Bình Phước,Bình Sơn,1200.0000121106857
Hành Tín Đông,Nghĩa Hành,15200.000042130705
Hành Thịnh,Nghĩa Hành,1600.000002499437
Ba Liên,Ba Tơ,3600.000049660448
Ba Liên,Ba Tơ,1199.9999767856204
Tịnh Phong,Sơn Tịnh,4000.0000300607644
Bình Thanh Tây,Bình Sơn,1200.0000010896474
Ba Liên,Ba Tơ,3600.0000262027606
Đức Phú,Mộ Đức,1599.999971552752
Hành Tín Đông,Nghĩa Hành,7199.999988250202
Hành Tín Đông,Nghĩa Hành,9199.999966375763
Đức Phú,Mộ Đức,1599.9999937752727
Tịnh Phong,Sơn Tịnh,12800.000020221341
Đức Phú,Mộ Đức,7200.000022529857
Hành Phước,Nghĩa Hành,1600.0000219931828
Tịnh Phong,Sơn Tịnh,6399.9999989965
Tịnh Phong,Sơn Tịnh,2800.0000112724956
Hành Thịnh,Nghĩa Hành,8800.000016633421
Hành Thịnh,Nghĩa Hành,1599.9999960081182
Bình Thanh Tây,Bình Sơn,1200.00001955661
Bình Trị,Bình Sơn,1599.9999950896017
Ba Liên,Ba Tơ,2399.9999896099325
Bình Trị,Bình Sơn,1200.0000031257514
Tịnh Phong,Sơn Tịnh,1200.000018381979
Hành Tín Đông,Nghĩa Hành,10799.99993499834
Bình Trị,Bình Sơn,3199.9999796831985
Ba Trang,Ba Tơ,1200.0000161316716
Bình Hòa,Bình Sơn,1200.0000017671846
Hành Tín Đông,Nghĩa Hành,7599.999983912567
Ba Liên,Ba Tơ,1199.9999905133154
Bình Phước,Bình Sơn,2000.0000070419628
Bình Thanh Đông,Bình Sơn,8799.999996069819
Hành Thịnh,Nghĩa Hành,1599.999980207067
Bình Thuận,Bình Sơn,2800.0000128208194
Trương Quang Trọng,Thành phố Quảng Ngãi,1200.0000004819594
Bình Thanh Đông,Bình Sơn,1199.9999875191133
Hành Tín Đông,Nghĩa Hành,3200.000017216662
Hành Phước,Nghĩa Hành,2399.999947551405
Bình Phước,Bình Sơn,1999.9999990779907
Bình Thuận,Bình Sơn,3199.9999884772114
Hành Phước,Nghĩa Hành,10000.000004341127
Bình Thuận,Bình Sơn,5599.99998363317
Hành Thịnh,Nghĩa Hành,3600.0000604987144
Hành Thịnh,Nghĩa Hành,1199.9999902339184
Hành Phước,Nghĩa Hành,1600.000001193257
Tịnh Phong,Sơn Tịnh,6399.999987342162
Bình Phước,Bình Sơn,1999.9999693711288
Ba Liên,Ba Tơ,11199.999983533053
Hành Thịnh,Nghĩa Hành,9599.999946400058
Bình Phước,Bình Sơn,5200.000022009481
Ba Liên,Ba Tơ,2000.0000133772849
Bình Thuận,Bình Sơn,3199.999943485018
Tịnh Ấn Đông,Thành phố Quảng Ngãi,3200.0000021606684
Hành Phước,Nghĩa Hành,3200.0000247824937
Bình Phước,Bình Sơn,6800.000033932738
Bình Thuận,Bình Sơn,6800.000036262209
Ba Liên,Ba Tơ,3599.9999983492307
Tịnh Ấn Đông,Thành phố Quảng Ngãi,5999.999995615799
Bình Phước,Bình Sơn,1199.9999983317684
Bình Thuận,Bình Sơn,14799.999959456036
Hành Thịnh,Nghĩa Hành,1600.000035291305
Bình Hòa,Bình Sơn,4399.999974996317
Hành Thịnh,Nghĩa Hành,9599.99999350519
Đức Phú,Mộ Đức,1199.9999970046338
Bình Thuận,Bình Sơn,1200.0000071327668
Bình Tân,Bình Sơn,19600.000018535648
Bình Thuận,Bình Sơn,4400.000055091223
Tịnh Ấn Đông,Thành phố Quảng Ngãi,9200.000021238811
Hành Trung,Nghĩa Hành,1200.0000022596214
Bình Thuận,Bình Sơn,1199.9999779544307
Đức Phú,Mộ Đức,15200.000013080426
Đức Phú,Mộ Đức,2800.0000385695603
Hành Phước,Nghĩa Hành,2400.000020066509
Bình Phước,Bình Sơn,1999.999992819503
Tịnh Ấn Đông,Thành phố Quảng Ngãi,1199.9999980605207
Đức Phú,Mộ Đức,4400.000024363399
Tịnh Ấn Đông,Thành phố Quảng Ngãi,1199.999991550576
La Hà,Tư Nghĩa,3200.0000397046097
Tịnh Phong,Sơn Tịnh,1199.999985625036
Tịnh Ấn Đông,Thành phố Quảng Ngãi,3600.0000282179108
Đức Phú,Mộ Đức,26400.000058981823
Hành Phước,Nghĩa Hành,2399.9999936460517
Bình Tân,Bình Sơn,6400.000038155122
Hành Thịnh,Nghĩa Hành,10799.999977437546
Bình Trị,Bình Sơn,3199.999989478383
Hành Phước,Nghĩa Hành,1199.9999843235123
Hành Thịnh,Nghĩa Hành,1200.0000087975059
Tịnh Phong,Sơn Tịnh,3599.999988814816
Hành Thịnh,Nghĩa Hành,6399.999951876234
Tịnh Phong,Sơn Tịnh,2000.000006696209
Đức Phú,Mộ Đức,14800.000000627479
Đức Phú,Mộ Đức,1599.9999892874619
Bình Phước,Bình Sơn,2399.9999863037374
Hành Thịnh,Nghĩa Hành,9600.000057177385
Bình Thanh Đông,Bình Sơn,1200.000019141007
Tịnh Thiện,Thành phố Quảng Ngãi,3999.9999965482857
Tịnh Thiện,Thành phố Quảng Ngãi,10799.999928814359
Bình Thanh Đông,Bình Sơn,3599.9999970011413
Đức Phú,Mộ Đức,4399.999987620394
Bình Phước,Bình Sơn,1200.000010994263
Tịnh Thiện,Thành phố Quảng Ngãi,6399.999992504017
Đức Phú,Mộ Đức,1599.9999938800465
Ba Liên,Ba Tơ,26800.000042567262
Hành Thịnh,Nghĩa Hành,1199.999981400324
Đức Phú,Mộ Đức,5199.999985533068
Đức Phú,Mộ Đức,8799.999938103138
Hành Thịnh,Nghĩa Hành,1199.9999963969456
Bình Trị,Bình Sơn,10799.999952488579
Đức Phú,Mộ Đức,1999.9999932246283
Tịnh Thiện,Thành phố Quảng Ngãi,2800.0000211480074
Phổ Phong,Đức Phổ,2000.0000019918662
Ba Liên,Ba Tơ,15599.999982011504
Hành Thịnh,Nghĩa Hành,1199.9999903619757
Bình Trị,Bình Sơn,2400.0000048754737
Ba Liên,Ba Tơ,13600.000020877924
Đức Phú,Mộ Đức,1200.000008586794
Đức Phú,Mộ Đức,1200.0000189372806
Ba Liên,Ba Tơ,2799.9999638518784
Đức Phú,Mộ Đức,16399.99991436838
Bình Tân,Bình Sơn,5600.000058073783
Ba Liên,Ba Tơ,1199.9999857600776
Nghĩa Phương,Tư Nghĩa,1600.0000090268443
Bình Tân,Bình Sơn,4000.000000761356
Ba Liên,Ba Tơ,12799.999994131504
Nghĩa Phương,Tư Nghĩa,18799.99992072815
Bình Thanh Đông,Bình Sơn,4399.999984751921
Bình Trị,Bình Sơn,3200.00004487345
Hành Thịnh,Nghĩa Hành,2399.9999950639904
Bình Trị,Bình Sơn,3600.000015392434
Bình Trị,Bình Sơn,2800.0000043795444
Bình Hòa,Bình Sơn,3999.99996567145
Phổ Phong,Đức Phổ,1600.0000302190892
Phổ Phong,Đức Phổ,1199.9999999033753
Hành Thịnh,Nghĩa Hành,9999.999982122099
Bình Tân,Bình Sơn,4800.000034216791
Đức Phú,Mộ Đức,4400.000020738225
Bình Tân,Bình Sơn,14399.999973602826
Bình Thanh Đông,Bình Sơn,1199.9999713990837
Ba Liên,Ba Tơ,2000.0000052026007
Ba Liên,Ba Tơ,6399.999969765777
Bình Tân,Bình Sơn,1600.0000025192276
Đức Phú,Mộ Đức,1599.9999821092931
Bình Trị,Bình Sơn,1200.0000025425102
Hành Thịnh,Nghĩa Hành,10399.999970115023
Tịnh Thiện,Thành phố Quảng Ngãi,2400.0000185112003
Bình Thanh Đông,Bình Sơn,6800.000002228189
Phổ Phong,Đức Phổ,1199.9999589601064
Bình Thanh Đông,Bình Sơn,1599.999980926514
Bình Thanh Đông,Bình Sơn,5200.000014936086
Hành Thịnh,Nghĩa Hành,5999.999961341964
Bình Thanh Đông,Bình Sơn,19199.999956582906
Bình Tân,Bình Sơn,1199.9999860383105
Hành Thịnh,Nghĩa Hành,5599.99996631057
Bình Tân,Bình Sơn,1599.999984918395
Bình Tân,Bình Sơn,1200.0000109383836
Ba Trang,Ba Tơ,1200.000012696255
Bình Tân,Bình Sơn,1199.9999881873373
Bình Phú,Bình Sơn,1200.0000178290065
Tịnh Thiện,Thành phố Quảng Ngãi,1200.0000161083883
Tịnh Thiện,Thành phố Quảng Ngãi,1199.9999610427772
Bình Phú,Bình Sơn,1599.9999880208636
Đức Phú,Mộ Đức,1999.9999890779145
Phổ Nhơn,Đức Phổ,7200.0000051327515
Bình Hải,Bình Sơn,1199.9999968300106
Đức Phú,Mộ Đức,1999.9999685387593
Phổ Phong,Đức Phổ,1999.9999847169966
Đức Phú,Mộ Đức,3199.9999914260115
Ba Khâm,Ba Tơ,1199.9999863281846
Phổ Phong,Đức Phổ,1599.9999969208147
Phổ Phong,Đức Phổ,5599.999974365346
Bình Phú,Bình Sơn,1199.9999934341756
Ba Khâm,Ba Tơ,2799.999998351559
Đức Hòa,Mộ Đức,3600.0000011571683
Ba Khâm,Ba Tơ,15999.999992729863
Đức Phú,Mộ Đức,2399.9999927321915
Bình Phú,Bình Sơn,1200.0000091374386
Đức Hòa,Mộ Đức,2800.0000449991785
Phổ Phong,Đức Phổ,33200.000025769696
Phổ Nhơn,Đức Phổ,1199.9999933852814
Phổ Nhơn,Đức Phổ,4799.9999726889655
Phổ Phong,Đức Phổ,9600.00003389665
Phổ Nhơn,Đức Phổ,4800.000011317898
Phổ Phong,Đức Phổ,12399.999982885784
Đức Phú,Mộ Đức,1600.0000161642674
Đức Hiệp,Mộ Đức,1600.000012256205
Ba Khâm,Ba Tơ,1600.0000241864473
Phổ Nhơn,Đức Phổ,5599.999990082579
Phổ Phong,Đức Phổ,6799.999962297734
Đức Phú,Mộ Đức,10800.000036396086
Đức Lân,Mộ Đức,1200.0000020477455
Ba Khâm,Ba Tơ,1199.9999798380304
Tịnh Hòa,Thành phố Quảng Ngãi,1600.0000043341424
Đức Hòa,Mộ Đức,2000.0000164902303
Phổ Nhơn,Đức Phổ,3199.9999976775143
Ba Khâm,Ba Tơ,7200.0000142422505
Phổ Nhơn,Đức Phổ,2800.0000106997322
Bình Hải,Bình Sơn,1600.0000053737313
Phổ Nhơn,Đức Phổ,1600.000019703293
Ba Khâm,Ba Tơ,2400.000007477356
Ba Khâm,Ba Tơ,15600.000054439297
Đức Hòa,Mộ Đức,1600.0000275392085
Đức Hòa,Mộ Đức,22400.000011931406
Đức Hòa,Mộ Đức,6399.999996712431
Đức Hiệp,Mộ Đức,1199.9999911210034
Bình Hải,Bình Sơn,1199.9999963364098
Đức Hòa,Mộ Đức,6399.999988068594
Đức Phú,Mộ Đức,12800.000117664458
Đức Hòa,Mộ Đức,2000.0000166241082
Đức Hòa,Mộ Đức,3600.0000078440644
Đức Phú,Mộ Đức,2399.9999784806278
Bình Phú,Bình Sơn,4800.000033295946
Đức Hòa,Mộ Đức,2000.0000122061465
Đức Hòa,Mộ Đức,31200.00001143664
Đức Phú,Mộ Đức,12799.999994572718
Bình Hải,Bình Sơn,3600.0000109733082
Nghĩa Hà,Thành phố Quảng Ngãi,1999.999996046536
Bình Hải,Bình Sơn,2400.000001338776
Đức Hòa,Mộ Đức,40400.000005532056
Đức Lân,Mộ Đức,10000.000042258762
Phổ Phong,Đức Phổ,3600.0000333378557
Bình Hải,Bình Sơn,3199.9999740649946
Đức Tân,Mộ Đức,5600.000032201642
Bình Hải,Bình Sơn,3599.999985959148
Phổ Phong,Đức Phổ,2399.9999743467197
Đức Hòa,Mộ Đức,29200.000005884795
Bình Hải,Bình Sơn,1600.0000099197498
Phổ Nhơn,Đức Phổ,1200.0000018265566
Ba Khâm,Ba Tơ,1200.000020248117
Bình Hải,Bình Sơn,1999.9999999278225
Ba Khâm,Ba Tơ,2400.0000536395237
Phổ Nhơn,Đức Phổ,1200.0000093306878
Ba Khâm,Ba Tơ,1999.999979909044
Phổ Phong,Đức Phổ,1199.999998748535
Phổ Phong,Đức Phổ,13999.999966775067
Đức Hòa,Mộ Đức,2799.9999811453745
Ba Khâm,Ba Tơ,9599.999991387594
Nghĩa Hòa,Tư Nghĩa,1199.9999985052273
Phổ Phong,Đức Phổ,1600.0000211969018
Đức Tân,Mộ Đức,30399.999989863718
Ba Khâm,Ba Tơ,1200.0000062747858
Phổ Phong,Đức Phổ,19199.999988442287
Ba Khâm,Ba Tơ,10400.000022291206
Tịnh Khê,Thành phố Quảng Ngãi,2399.9999823793764
Tịnh Khê,Thành phố Quảng Ngãi,3199.9999736319296
Phổ Nhơn,Đức Phổ,7200.000053598778
Phổ Nhơn,Đức Phổ,1199.9999869440217
Phổ Nhơn,Đức Phổ,3600.00001805136
Tịnh Hòa,Thành phố Quảng Ngãi,1200.0000237242784
Mộ Đức,Mộ Đức,6399.9999981420115
Mộ Đức,Mộ Đức,2799.9999839183874
Phổ Phong,Đức Phổ,1599.9999975902028
Phổ Phong,Đức Phổ,2400.0000182981603
Phổ Nhơn,Đức Phổ,10800.000045234337
Tịnh Khê,Thành phố Quảng Ngãi,1199.999989399221
Ba Khâm,Ba Tơ,4800.000010485528
Đức Lân,Mộ Đức,5599.999995921971
Đức Lân,Mộ Đức,1200.000024354085
Phổ Phong,Đức Phổ,1599.9999964842573
Đức Lân,Mộ Đức,11200.00001893146
Phổ Nhơn,Đức Phổ,7600.000070899259
Phổ Phong,Đức Phổ,21200.000049297232
Ba Khâm,Ba Tơ,2800.0000077672307
Ba Khâm,Ba Tơ,4000.000020964071
Đức Phong,Mộ Đức,3600.000027453061
Phổ Phong,Đức Phổ,2800.000008555362
Ba Khâm,Ba Tơ,1600.0000013259705
Phổ Nhơn,Đức Phổ,1599.9999594944527
Phổ Nhơn,Đức Phổ,1199.9999922898132
Đức Phong,Mộ Đức,3600.0000194774475
Đức Tân,Mộ Đức,1599.9999742151704
Phổ Nhơn,Đức Phổ,13599.99997278559
Phổ Nhơn,Đức Phổ,3999.9999793199822
Đức Lân,Mộ Đức,8400.0000081514
Phổ Nhơn,Đức Phổ,12400.000003939494
Mộ Đức,Mộ Đức,3600.000002310844
Ba Trang,Ba Tơ,1200.0000137835743
Ba Trang,Ba Tơ,1600.0000001862645
Mộ Đức,Mộ Đức,1199.9999954702798
Đức Tân,Mộ Đức,3599.999987866031
Mộ Đức,Mộ Đức,1200.0000100559555
Mộ Đức,Mộ Đức,1999.9999955459498
Mộ Đức,Mộ Đức,1200.0000121933408
Mộ Đức,Mộ Đức,2000.0000055448616
Phổ Nhơn,Đức Phổ,1599.9999765132093
Ba Khâm,Ba Tơ,1200.0000306463335
Mộ Đức,Mộ Đức,2000.000028371578
Ba Khâm,Ba Tơ,2400.0000134832226
Mộ Đức,Mộ Đức,1599.9999961873982
Phổ Nhơn,Đức Phổ,1600.0000180222564
Ba Trang,Ba Tơ,1600.0000236183405
Phổ Nhơn,Đức Phổ,1600.0000158755574
Phổ Phong,Đức Phổ,1200.0000167568214
Ba Khâm,Ba Tơ,1600.0000080512837
Phổ Nhơn,Đức Phổ,4800.000010551885
Đức Lân,Mộ Đức,1200.0000075984278
Mộ Đức,Mộ Đức,11600.000023467
Ba Khâm,Ba Tơ,3200.0000166671816
Ba Khâm,Ba Tơ,1200.0000018381982
Phổ Nhơn,Đức Phổ,5999.99997898587
Đức Lợi,Mộ Đức,1599.9999982630832
Đức Lân,Mộ Đức,2000.000000252622
Ba Trang,Ba Tơ,7999.999993877718
Đức Phong,Mộ Đức,1600.0000000954606
Ba Trang,Ba Tơ,3199.9999718798786
Ba Trang,Ba Tơ,2000.0000519736209
Phổ Phong,Đức Phổ,1599.999998024432
Phổ Phong,Đức Phổ,1600.0000011140946
Đức Chánh,Mộ Đức,2000.000013380777
Ba Khâm,Ba Tơ,2399.9999930988997
Mộ Đức,Mộ Đức,1600.0000156229362
Phổ Phong,Đức Phổ,1999.9999835481867
Mộ Đức,Mộ Đức,1599.9999952549115
Bình Phú,Bình Sơn,3600.0000313774217
Phổ Nhơn,Đức Phổ,3199.999997295672
Phổ Nhơn,Đức Phổ,2799.999989675125
Ba Trang,Ba Tơ,2800.000005053589
Phổ Nhơn,Đức Phổ,1999.999975244282
Ba Khâm,Ba Tơ,2000.000001891749
Phổ Nhơn,Đức Phổ,2800.000008031493
Phổ Nhơn,Đức Phổ,1599.9999884644055
Ba Khâm,Ba Tơ,3600.0000334274955
Ba Trang,Ba Tơ,2800.0000305846334
Ba Trang,Ba Tơ,1200.000012917444
Ba Trang,Ba Tơ,4799.999985832255
Phổ Nhơn,Đức Phổ,1999.9999693466812
Đức Chánh,Mộ Đức,3999.999970954377
Ba Khâm,Ba Tơ,3199.9999846925493
Ba Trang,Ba Tơ,4400.000044166809
Phổ Nhơn,Đức Phổ,2000.0000417884437
Phổ Nhơn,Đức Phổ,3600.000031295931
Đức Thắng,Mộ Đức,3999.9999776354525
Ba Trang,Ba Tơ,2400.000005577458
Phổ Phong,Đức Phổ,1600.0000197440386
Phổ Phong,Đức Phổ,2799.999982538866
Đức Lân,Mộ Đức,9199.99997975654
Ba Trang,Ba Tơ,1999.9999897170346
Ba Trang,Ba Tơ,4000.000024974579
Ba Trang,Ba Tơ,13599.99996756087
Đức Chánh,Mộ Đức,1200.0000155775342
Phổ Nhơn,Đức Phổ,3599.999982160516
Ba Khâm,Ba Tơ,5200.000020463485
Phổ Nhơn,Đức Phổ,12799.999979900895
Ba Khâm,Ba Tơ,15599.999964459566
Ba Trang,Ba Tơ,1200.0000123027714
Phổ Nhơn,Đức Phổ,3199.9999812792516
Ba Khâm,Ba Tơ,1199.9999840231608
Ba Trang,Ba Tơ,4400.00000600121
Phổ Nhơn,Đức Phổ,2799.9999657750595
Phổ Nhơn,Đức Phổ,1199.9999728018884
Đức Thắng,Mộ Đức,4400.000010326039
Phổ Nhơn,Đức Phổ,5599.999948958866
Phổ Nhơn,Đức Phổ,3199.999980609864
Ba Khâm,Ba Tơ,5200.0000078754965
Ba Trang,Ba Tơ,3199.9999540578574
Đức Thắng,Mộ Đức,2399.999943571165
Đức Minh,Mộ Đức,2799.9999834562186
Phổ Nhơn,Đức Phổ,2000.000014280667
Phổ Nhơn,Đức Phổ,2399.999981961446
Đức Thắng,Mộ Đức,2799.999993555248
Phổ Nhơn,Đức Phổ,1200.0000063609332
Ba Khâm,Ba Tơ,1199.9999745364769
Phổ Nhơn,Đức Phổ,1200.0000034319237
Ba Khâm,Ba Tơ,5599.99996624887
Phổ Nhơn,Đức Phổ,11599.999983225716
Đức Chánh,Mộ Đức,1999.9999940418638
Ba Trang,Ba Tơ,1200.0000021443702
Phổ Phong,Đức Phổ,1599.9999945086893
Phổ Phong,Đức Phổ,1199.9999981070869
Phổ Nhơn,Đức Phổ,1200.000005364418
Ba Khâm,Ba Tơ,2400.000010028016
Ba Khâm,Ba Tơ,1200.0000032933895
Phổ Phong,Đức Phổ,1600.0000026612543
Đức Thắng,Mộ Đức,2799.9999795667827
Đức Thắng,Mộ Đức,2000.0000017066486
Ba Trang,Ba Tơ,4799.999997150153
Phổ Nhơn,Đức Phổ,4000.0000312621705
Ba Trang,Ba Tơ,1600.000010669464
Ba Trang,Ba Tơ,4000.000013578683
Phổ Phong,Đức Phổ,2400.00003630761
Ba Trang,Ba Tơ,3199.9999920884147
Đức Thắng,Mộ Đức,1199.9999994714744
Ba Khâm,Ba Tơ,2799.9999879975803
Phổ Nhơn,Đức Phổ,1199.9999765015675
Phổ Thuận,Đức Phổ,1199.9999861000103
Phổ Nhơn,Đức Phổ,2800.0000111490954
Ba Trang,Ba Tơ,1200.000004817266
Phổ Nhơn,Đức Phổ,1600.000021441374
Ba Trang,Ba Tơ,2800.000034769764
Đức Chánh,Mộ Đức,1199.9999805842526
Đức Minh,Mộ Đức,1199.9999905878212
Ba Trang,Ba Tơ,1599.9999886436854
Phổ Nhơn,Đức Phổ,1199.9999906064477
Đức Chánh,Mộ Đức,1599.999999868451
Ba Khâm,Ba Tơ,1199.9999983550515
Bình Châu,Bình Sơn,1200.0000237557108
Ba Khâm,Ba Tơ,3200.0000047823414
Phổ Nhơn,Đức Phổ,13199.99989280128
Phổ Nhơn,Đức Phổ,1600.0000071921388
Ba Trang,Ba Tơ,1200.0000233668834
Ba Trang,Ba Tơ,3600.0000195193566
Phổ Thuận,Đức Phổ,1599.9999887717422
Ba Trang,Ba Tơ,4799.999984531896
Phổ Thuận,Đức Phổ,2399.9999826354906
Ba Trang,Ba Tơ,4399.999963309383
Ba Trang,Ba Tơ,2400.0000064715273
Ba Trang,Ba Tơ,1199.9999736633617
Ba Khâm,Ba Tơ,3199.999977609841
Ba Khâm,Ba Tơ,4399.999962807633
Đức Minh,Mộ Đức,1600.0000160152556
Phổ Ninh,Đức Phổ,2000.0000125577208
Đức Phong,Mộ Đức,3199.9999972397927
Ba Khâm,Ba Tơ,1200.0000015599653
Đức Minh,Mộ Đức,1599.9999881593976
Phổ Ninh,Đức Phổ,16799.999946022872
Bình Châu,Bình Sơn,1200.000010880176
Ba Khâm,Ba Tơ,1199.9999793816826
Phổ Ninh,Đức Phổ,1600.0000146520324
Phổ Ninh,Đức Phổ,15600.000037441496
Phổ Ninh,Đức Phổ,5200.00007667928
Ba Khâm,Ba Tơ,3199.9999826808926
Phổ Ninh,Đức Phổ,1999.999999300344
Ba Khâm,Ba Tơ,13999.999991698423
Phổ Ninh,Đức Phổ,1199.9999866029245
Ba Trang,Ba Tơ,1999.9999990628567
Ba Khâm,Ba Tơ,4000.000006571645
Ba Trang,Ba Tơ,15199.999996002298
Ba Khâm,Ba Tơ,1999.999987758929
Ba Khâm,Ba Tơ,7600.000018756837
Ba Khâm,Ba Tơ,2000.0000182283109
Phổ Ninh,Đức Phổ,13599.99999613734
Phổ Ninh,Đức Phổ,12000.000067318324
Bình Châu,Bình Sơn,3200.000040619634
Phổ Ninh,Đức Phổ,1199.9999789497817
Ba Trang,Ba Tơ,1600.0000268034637
Ba Trang,Ba Tơ,15200.000042064348
Phổ Ninh,Đức Phổ,7999.999995951075
Ba Trang,Ba Tơ,26800.00002580462
Ba Trang,Ba Tơ,32800.00006003422
Ba Khâm,Ba Tơ,25200.000050954986
Ba Trang,Ba Tơ,2799.999997544801
Ba Trang,Ba Tơ,2400.0000004307367
Ba Trang,Ba Tơ,5200.000007078052
Ba Trang,Ba Tơ,4799.999976734398
Ba Trang,Ba Tơ,3200.0000041606836
Ba Trang,Ba Tơ,1600.0000084098428
Ba Trang,Ba Tơ,5600.000010780059
Ba Trang,Ba Tơ,2799.999972115038
Ba Khâm,Ba Tơ,21199.999998462154
Ba Trang,Ba Tơ,84000.00005875248
Ba Khâm,Ba Tơ,21600.000007019844
Phổ Ninh,Đức Phổ,4800.000012300443
Ba Trang,Ba Tơ,1999.9999830580782
Ba Khâm,Ba Tơ,1200.000023653265
Phổ Ninh,Đức Phổ,2000.0000107020605
Ba Trang,Ba Tơ,7199.999956729589
Phổ Ninh,Đức Phổ,4399.999964658637
Ba Khâm,Ba Tơ,1600.0000077032018
Ba Trang,Ba Tơ,47200.00014116871
Ba Khâm,Ba Tơ,6799.999931136845
Phổ Ninh,Đức Phổ,3200.000002750894
Ba Trang,Ba Tơ,1600.000019269064
Ba Khâm,Ba Tơ,1600.00000578817
Phổ Ninh,Đức Phổ,3199.999998073326
Ba Trang,Ba Tơ,4000.000006966293
Ba Khâm,Ba Tơ,2799.999990928918
Phổ Ninh,Đức Phổ,2799.9999799649236
Ba Trang,Ba Tơ,15599.999992956873
Ba Trang,Ba Tơ,1200.000011563534
Phổ Ninh,Đức Phổ,2399.9999966286123
Ba Trang,Ba Tơ,6799.9999996693805
Phổ Ninh,Đức Phổ,1199.9999961117283
Phổ Ninh,Đức Phổ,3199.9999897403177
Phổ Ninh,Đức Phổ,2800.000015796395
Phổ Ninh,Đức Phổ,1200.0000247184653
Phổ Ninh,Đức Phổ,6000.000025979243
Ba Trang,Ba Tơ,1199.9999876099173
Phổ Ninh,Đức Phổ,1999.9999625200871
Phổ Ninh,Đức Phổ,14400.000036605634
Ba Trang,Ba Tơ,1999.9999878602102
Ba Trang,Ba Tơ,4800.000002878951
Ba Trang,Ba Tơ,15600.000022124732
Phổ Hòa,Đức Phổ,1999.9999595596455
Ba Trang,Ba Tơ,1199.9999835749622
Ba Trang,Ba Tơ,10000.00001936336
Ba Trang,Ba Tơ,25599.999995577382
Ba Trang,Ba Tơ,35599.999931280036
Phổ Hòa,Đức Phổ,2399.999998481944
Phổ Hòa,Đức Phổ,2000.0000153435394
Ba Trang,Ba Tơ,1199.9999993282836
Ba Trang,Ba Tơ,8799.999989934731
Phổ Hòa,Đức Phổ,2000.000004650792
Phổ Hòa,Đức Phổ,6000.000054055126
Ba Trang,Ba Tơ,1600.000015312107
Phổ An,Đức Phổ,6400.000047112117
Ba Trang,Ba Tơ,2799.9999765050593
Phổ Hòa,Đức Phổ,14399.999949671328
Phổ Hòa,Đức Phổ,1599.9999823002145
Ba Trang,Ba Tơ,8800.000020833686
Phổ An,Đức Phổ,7600.000047060894
Phổ Hòa,Đức Phổ,8400.000009626383
Phổ Hòa,Đức Phổ,6000.00003525638
Ba Trang,Ba Tơ,11999.999965168536
Phổ Hòa,Đức Phổ,1599.9999839556406
Phổ Hòa,Đức Phổ,4400.0000220455695
Phổ Hòa,Đức Phổ,3599.999985570321
Phổ Hòa,Đức Phổ,3199.9999858182855
Phổ Hòa,Đức Phổ,16000.000022659078
Phổ Hòa,Đức Phổ,1999.9999659054447
Phổ Cường,Đức Phổ,1599.99998665764
Phổ Cường,Đức Phổ,1200.0000061676838
Phổ An,Đức Phổ,4399.999997090781
Phổ Cường,Đức Phổ,1599.99998990912
Phổ Cường,Đức Phổ,1200.0000119977633
Phổ Cường,Đức Phổ,36799.99992435449
Phổ An,Đức Phổ,6000.000030639349
Phổ An,Đức Phổ,2000.000002819579
Phổ Cường,Đức Phổ,1200.0000248791184
Phổ Cường,Đức Phổ,11999.999993022066
Phổ An,Đức Phổ,1600.0000085355714
Phổ Cường,Đức Phổ,46399.99998447485
Phổ Văn,Đức Phổ,1200.0000108999666
Phổ An,Đức Phổ,1599.9999946833123
Phổ Cường,Đức Phổ,15600.000035816338
Phổ Cường,Đức Phổ,5200.000042122556
Phổ An,Đức Phổ,2400.0000008032653
Phổ Cường,Đức Phổ,15600.000003969762
Phổ Hòa,Đức Phổ,1200.0000116112642
Phổ Cường,Đức Phổ,9999.999934576917
Phổ Cường,Đức Phổ,14399.999985002214
Phổ Cường,Đức Phổ,2800.000001672888
Phổ Cường,Đức Phổ,202800.00010263175
Phổ Cường,Đức Phổ,4399.999994825339
Phổ Cường,Đức Phổ,5199.999989342177
Phổ Cường,Đức Phổ,1199.9999924108854
Phổ Cường,Đức Phổ,14800.000002939487
Phổ Hòa,Đức Phổ,1600.0000065146014
Phổ Minh,Đức Phổ,2000.0000006658956
Phổ Cường,Đức Phổ,19999.99999513384
Phổ Quang,Đức Phổ,3200.0000112480484
Phổ Quang,Đức Phổ,1200.0000058871228
Phổ Cường,Đức Phổ,8399.999987451592
Phổ Vinh,Đức Phổ,5999.999999674037
Phổ Cường,Đức Phổ,22000.000014454126
Phổ Cường,Đức Phổ,5199.99997827108
Phổ Cường,Đức Phổ,2000.0000138010364
Phổ Quang,Đức Phổ,7999.999979709974
Phổ Cường,Đức Phổ,1599.9999930919153
Phổ Cường,Đức Phổ,1599.9999916926024
Phổ Cường,Đức Phổ,2000.0000012444796
Phổ Quang,Đức Phổ,1200.0000177591573
Phổ Cường,Đức Phổ,1200.0000077241566
Phổ Khánh,Đức Phổ,1199.9999925738666
Phổ Khánh,Đức Phổ,2799.9999795807526
Phổ Vinh,Đức Phổ,1199.9999901163392
Phổ Cường,Đức Phổ,5199.999970600475
Phổ Cường,Đức Phổ,8400.00004206784
Phổ Cường,Đức Phổ,2399.999973947415
Phổ Vinh,Đức Phổ,1600.000010753283
Phổ Cường,Đức Phổ,1600.0000437721612
Phổ Cường,Đức Phổ,1599.9999907589518
Phổ Vinh,Đức Phổ,6800.0000010523945
Phổ Vinh,Đức Phổ,3600.0000210502185
Phổ Vinh,Đức Phổ,1199.999997410923
Phổ Khánh,Đức Phổ,8799.999959653942
Phổ Cường,Đức Phổ,19999.99999327818
Phổ Khánh,Đức Phổ,1999.9999594932888
Phổ Khánh,Đức Phổ,43999.99997222214
Phổ Khánh,Đức Phổ,1200.0000000791626
Phổ Cường,Đức Phổ,6399.999998653075
Phổ Khánh,Đức Phổ,3200.0000147835817
Phổ Khánh,Đức Phổ,2800.0000169640407
Phổ Khánh,Đức Phổ,9200.0000400329
Phổ Cường,Đức Phổ,10000.000004060566
Phổ Khánh,Đức Phổ,24000.000058382284
Phổ Khánh,Đức Phổ,4399.999976038234
Phổ Khánh,Đức Phổ,2399.9999678344466
Phổ Cường,Đức Phổ,2800.000006986084
Phổ Khánh,Đức Phổ,1999.9999911303164
Phổ Khánh,Đức Phổ,2799.999990394572
Phổ Khánh,Đức Phổ,6800.000040916493
Phổ Khánh,Đức Phổ,21200.000055009732
Phổ Khánh,Đức Phổ,11599.999979174463
Phổ Thạnh,Đức Phổ,6000.000039256411
Phổ Khánh,Đức Phổ,2399.9999880883843
Phổ Khánh,Đức Phổ,21599.999993159436
Phổ Thạnh,Đức Phổ,9599.999997209525
Phổ Thạnh,Đức Phổ,1200.0000252574682
Phổ Khánh,Đức Phổ,1199.9999957100954
Phổ Khánh,Đức Phổ,2400.0000087777153
Phổ Khánh,Đức Phổ,13200.000055991113
Phổ Khánh,Đức Phổ,4799.99996421393
Phổ Khánh,Đức Phổ,1199.999984690221
Phổ Khánh,Đức Phổ,2400.000010097865
Phổ Khánh,Đức Phổ,2000.0000225636177
Phổ Thạnh,Đức Phổ,5200.000001447042
Phổ Khánh,Đức Phổ,1199.9999745748935
Phổ Thạnh,Đức Phổ,2000.0000057765283
Phổ Khánh,Đức Phổ,1199.9999984295573
Phổ Khánh,Đức Phổ,12000.000019529834
Phổ Khánh,Đức Phổ,1599.9999752629083
Phổ Khánh,Đức Phổ,3999.9999521276914
Phổ Khánh,Đức Phổ,1600.0000280875252
Phổ Khánh,Đức Phổ,1199.9999852117614
Phổ Khánh,Đức Phổ,6000.000013175886
Phổ Châu,Đức Phổ,11999.999984090682
Phổ Thạnh,Đức Phổ,3600.00000802218
Phổ Châu,Đức Phổ,1200.0000215205364
Phổ Châu,Đức Phổ,1199.9999888357706
Phổ Châu,Đức Phổ,1599.9999914783982
Phổ Châu,Đức Phổ,3600.0000074936547
Phổ Châu,Đức Phổ,27999.999966307078
Phổ Thạnh,Đức Phổ,6399.999943340663
Phổ Châu,Đức Phổ,2000.0000087253281
Phổ Thạnh,Đức Phổ,17200.000015513506
Phổ Thạnh,Đức Phổ,3999.999997114064
Phổ Thạnh,Đức Phổ,4000.0000008766074
Phổ Châu,Đức Phổ,5999.999976446852
Phổ Thạnh,Đức Phổ,1199.9999952653889
Phổ Châu,Đức Phổ,5599.999988987111
Phổ Thạnh,Đức Phổ,5600.0000066217035
Phổ Thạnh,Đức Phổ,2400.0000157149043
Phổ Thạnh,Đức Phổ,11600.000025092158
Phổ Thạnh,Đức Phổ,2399.9999911198397
Phổ Châu,Đức Phổ,3199.9999746424146
Phổ Châu,Đức Phổ,1999.9999682733323
Phổ Châu,Đức Phổ,1999.9999867053702
Phổ Châu,Đức Phổ,1599.9999828613363
Phổ Thạnh,Đức Phổ,2400.0000132387504
Phổ Châu,Đức Phổ,2400.000009551877
Phổ Châu,Đức Phổ,1199.999986574985
